tau,solver,rho
1.000000,markov-cero,0.000000
1.000000,HiGHS,0.130435
1.000000,CBC,0.000000
1.000000,SCIP,0.652174
1.047129,markov-cero,0.000000
1.047129,HiGHS,0.130435
1.047129,CBC,0.000000
1.047129,SCIP,0.652174
1.096478,markov-cero,0.000000
1.096478,HiGHS,0.173913
1.096478,CBC,0.000000
1.096478,SCIP,0.652174
1.148154,markov-cero,0.043478
1.148154,HiGHS,0.173913
1.148154,CBC,0.000000
1.148154,SCIP,0.652174
1.202264,markov-cero,0.043478
1.202264,HiGHS,0.173913
1.202264,CBC,0.000000
1.202264,SCIP,0.652174
1.258925,markov-cero,0.043478
1.258925,HiGHS,0.173913
1.258925,CBC,0.000000
1.258925,SCIP,0.652174
1.318257,markov-cero,0.043478
1.318257,HiGHS,0.173913
1.318257,CBC,0.043478
1.318257,SCIP,0.652174
1.380384,markov-cero,0.043478
1.380384,HiGHS,0.173913
1.380384,CBC,0.043478
1.380384,SCIP,0.652174
1.445440,markov-cero,0.043478
1.445440,HiGHS,0.173913
1.445440,CBC,0.043478
1.445440,SCIP,0.652174
1.513561,markov-cero,0.043478
1.513561,HiGHS,0.173913
1.513561,CBC,0.043478
1.513561,SCIP,0.652174
1.584893,markov-cero,0.043478
1.584893,HiGHS,0.173913
1.584893,CBC,0.043478
1.584893,SCIP,0.652174
1.659587,markov-cero,0.043478
1.659587,HiGHS,0.173913
1.659587,CBC,0.043478
1.659587,SCIP,0.652174
1.737801,markov-cero,0.043478
1.737801,HiGHS,0.173913
1.737801,CBC,0.043478
1.737801,SCIP,0.652174
1.819701,markov-cero,0.043478
1.819701,HiGHS,0.217391
1.819701,CBC,0.043478
1.819701,SCIP,0.652174
1.905461,markov-cero,0.043478
1.905461,HiGHS,0.260870
1.905461,CBC,0.043478
1.905461,SCIP,0.652174
1.995262,markov-cero,0.043478
1.995262,HiGHS,0.260870
1.995262,CBC,0.043478
1.995262,SCIP,0.652174
2.089296,markov-cero,0.043478
2.089296,HiGHS,0.260870
2.089296,CBC,0.043478
2.089296,SCIP,0.652174
2.187762,markov-cero,0.043478
2.187762,HiGHS,0.260870
2.187762,CBC,0.086957
2.187762,SCIP,0.652174
2.290868,markov-cero,0.043478
2.290868,HiGHS,0.260870
2.290868,CBC,0.086957
2.290868,SCIP,0.652174
2.398833,markov-cero,0.043478
2.398833,HiGHS,0.347826
2.398833,CBC,0.130435
2.398833,SCIP,0.652174
2.511886,markov-cero,0.043478
2.511886,HiGHS,0.347826
2.511886,CBC,0.130435
2.511886,SCIP,0.652174
2.630268,markov-cero,0.043478
2.630268,HiGHS,0.347826
2.630268,CBC,0.130435
2.630268,SCIP,0.652174
2.754229,markov-cero,0.043478
2.754229,HiGHS,0.347826
2.754229,CBC,0.130435
2.754229,SCIP,0.652174
2.884032,markov-cero,0.043478
2.884032,HiGHS,0.347826
2.884032,CBC,0.217391
2.884032,SCIP,0.652174
3.019952,markov-cero,0.043478
3.019952,HiGHS,0.347826
3.019952,CBC,0.217391
3.019952,SCIP,0.652174
3.162278,markov-cero,0.043478
3.162278,HiGHS,0.347826
3.162278,CBC,0.260870
3.162278,SCIP,0.652174
3.311311,markov-cero,0.043478
3.311311,HiGHS,0.391304
3.311311,CBC,0.304348
3.311311,SCIP,0.652174
3.467369,markov-cero,0.043478
3.467369,HiGHS,0.391304
3.467369,CBC,0.304348
3.467369,SCIP,0.652174
3.630781,markov-cero,0.043478
3.630781,HiGHS,0.391304
3.630781,CBC,0.304348
3.630781,SCIP,0.652174
3.801894,markov-cero,0.043478
3.801894,HiGHS,0.391304
3.801894,CBC,0.347826
3.801894,SCIP,0.652174
3.981072,markov-cero,0.043478
3.981072,HiGHS,0.391304
3.981072,CBC,0.347826
3.981072,SCIP,0.652174
4.168694,markov-cero,0.043478
4.168694,HiGHS,0.478261
4.168694,CBC,0.347826
4.168694,SCIP,0.652174
4.365158,markov-cero,0.043478
4.365158,HiGHS,0.521739
4.365158,CBC,0.347826
4.365158,SCIP,0.652174
4.570882,markov-cero,0.043478
4.570882,HiGHS,0.521739
4.570882,CBC,0.347826
4.570882,SCIP,0.652174
4.786301,markov-cero,0.043478
4.786301,HiGHS,0.521739
4.786301,CBC,0.391304
4.786301,SCIP,0.652174
5.011872,markov-cero,0.043478
5.011872,HiGHS,0.521739
5.011872,CBC,0.391304
5.011872,SCIP,0.652174
5.248075,markov-cero,0.043478
5.248075,HiGHS,0.521739
5.248075,CBC,0.391304
5.248075,SCIP,0.652174
5.495409,markov-cero,0.043478
5.495409,HiGHS,0.521739
5.495409,CBC,0.391304
5.495409,SCIP,0.652174
5.754399,markov-cero,0.043478
5.754399,HiGHS,0.521739
5.754399,CBC,0.434783
5.754399,SCIP,0.652174
6.025596,markov-cero,0.043478
6.025596,HiGHS,0.521739
6.025596,CBC,0.434783
6.025596,SCIP,0.652174
6.309573,markov-cero,0.043478
6.309573,HiGHS,0.521739
6.309573,CBC,0.434783
6.309573,SCIP,0.652174
6.606934,markov-cero,0.043478
6.606934,HiGHS,0.565217
6.606934,CBC,0.434783
6.606934,SCIP,0.652174
6.918310,markov-cero,0.043478
6.918310,HiGHS,0.565217
6.918310,CBC,0.434783
6.918310,SCIP,0.652174
7.244360,markov-cero,0.043478
7.244360,HiGHS,0.608696
7.244360,CBC,0.478261
7.244360,SCIP,0.695652
7.585776,markov-cero,0.043478
7.585776,HiGHS,0.608696
7.585776,CBC,0.478261
7.585776,SCIP,0.695652
7.943282,markov-cero,0.086957
7.943282,HiGHS,0.652174
7.943282,CBC,0.521739
7.943282,SCIP,0.695652
8.317638,markov-cero,0.086957
8.317638,HiGHS,0.652174
8.317638,CBC,0.565217
8.317638,SCIP,0.695652
8.709636,markov-cero,0.086957
8.709636,HiGHS,0.695652
8.709636,CBC,0.565217
8.709636,SCIP,0.695652
9.120108,markov-cero,0.086957
9.120108,HiGHS,0.695652
9.120108,CBC,0.565217
9.120108,SCIP,0.695652
9.549926,markov-cero,0.086957
9.549926,HiGHS,0.695652
9.549926,CBC,0.565217
9.549926,SCIP,0.695652
10.000000,markov-cero,0.086957
10.000000,HiGHS,0.739130
10.000000,CBC,0.565217
10.000000,SCIP,0.695652
10.471285,markov-cero,0.086957
10.471285,HiGHS,0.739130
10.471285,CBC,0.565217
10.471285,SCIP,0.695652
10.964782,markov-cero,0.086957
10.964782,HiGHS,0.739130
10.964782,CBC,0.565217
10.964782,SCIP,0.695652
11.481536,markov-cero,0.086957
11.481536,HiGHS,0.739130
11.481536,CBC,0.565217
11.481536,SCIP,0.695652
12.022644,markov-cero,0.130435
12.022644,HiGHS,0.739130
12.022644,CBC,0.565217
12.022644,SCIP,0.695652
12.589254,markov-cero,0.130435
12.589254,HiGHS,0.739130
12.589254,CBC,0.565217
12.589254,SCIP,0.695652
13.182567,markov-cero,0.130435
13.182567,HiGHS,0.739130
13.182567,CBC,0.565217
13.182567,SCIP,0.695652
13.803843,markov-cero,0.130435
13.803843,HiGHS,0.739130
13.803843,CBC,0.565217
13.803843,SCIP,0.695652
14.454398,markov-cero,0.173913
14.454398,HiGHS,0.739130
14.454398,CBC,0.565217
14.454398,SCIP,0.695652
15.135612,markov-cero,0.217391
15.135612,HiGHS,0.739130
15.135612,CBC,0.565217
15.135612,SCIP,0.695652
15.848932,markov-cero,0.217391
15.848932,HiGHS,0.739130
15.848932,CBC,0.565217
15.848932,SCIP,0.739130
16.595869,markov-cero,0.217391
16.595869,HiGHS,0.739130
16.595869,CBC,0.565217
16.595869,SCIP,0.739130
17.378008,markov-cero,0.217391
17.378008,HiGHS,0.739130
17.378008,CBC,0.565217
17.378008,SCIP,0.739130
18.197009,markov-cero,0.217391
18.197009,HiGHS,0.739130
18.197009,CBC,0.565217
18.197009,SCIP,0.739130
19.054607,markov-cero,0.217391
19.054607,HiGHS,0.739130
19.054607,CBC,0.565217
19.054607,SCIP,0.739130
19.952623,markov-cero,0.217391
19.952623,HiGHS,0.739130
19.952623,CBC,0.565217
19.952623,SCIP,0.739130
20.892961,markov-cero,0.260870
20.892961,HiGHS,0.739130
20.892961,CBC,0.565217
20.892961,SCIP,0.739130
21.877616,markov-cero,0.260870
21.877616,HiGHS,0.739130
21.877616,CBC,0.565217
21.877616,SCIP,0.739130
22.908677,markov-cero,0.260870
22.908677,HiGHS,0.739130
22.908677,CBC,0.565217
22.908677,SCIP,0.739130
23.988329,markov-cero,0.304348
23.988329,HiGHS,0.739130
23.988329,CBC,0.565217
23.988329,SCIP,0.739130
25.118864,markov-cero,0.304348
25.118864,HiGHS,0.739130
25.118864,CBC,0.565217
25.118864,SCIP,0.739130
26.302680,markov-cero,0.304348
26.302680,HiGHS,0.739130
26.302680,CBC,0.565217
26.302680,SCIP,0.739130
27.542287,markov-cero,0.304348
27.542287,HiGHS,0.739130
27.542287,CBC,0.565217
27.542287,SCIP,0.739130
28.840315,markov-cero,0.347826
28.840315,HiGHS,0.739130
28.840315,CBC,0.565217
28.840315,SCIP,0.739130
30.199517,markov-cero,0.347826
30.199517,HiGHS,0.739130
30.199517,CBC,0.565217
30.199517,SCIP,0.739130
31.622777,markov-cero,0.347826
31.622777,HiGHS,0.739130
31.622777,CBC,0.565217
31.622777,SCIP,0.739130
33.113112,markov-cero,0.347826
33.113112,HiGHS,0.739130
33.113112,CBC,0.565217
33.113112,SCIP,0.739130
34.673685,markov-cero,0.347826
34.673685,HiGHS,0.739130
34.673685,CBC,0.565217
34.673685,SCIP,0.739130
36.307805,markov-cero,0.391304
36.307805,HiGHS,0.739130
36.307805,CBC,0.565217
36.307805,SCIP,0.739130
38.018940,markov-cero,0.391304
38.018940,HiGHS,0.739130
38.018940,CBC,0.565217
38.018940,SCIP,0.739130
39.810717,markov-cero,0.391304
39.810717,HiGHS,0.739130
39.810717,CBC,0.565217
39.810717,SCIP,0.739130
41.686938,markov-cero,0.434783
41.686938,HiGHS,0.739130
41.686938,CBC,0.565217
41.686938,SCIP,0.739130
43.651583,markov-cero,0.434783
43.651583,HiGHS,0.739130
43.651583,CBC,0.565217
43.651583,SCIP,0.739130
45.708819,markov-cero,0.434783
45.708819,HiGHS,0.739130
45.708819,CBC,0.565217
45.708819,SCIP,0.739130
47.863009,markov-cero,0.521739
47.863009,HiGHS,0.739130
47.863009,CBC,0.565217
47.863009,SCIP,0.782609
50.118723,markov-cero,0.521739
50.118723,HiGHS,0.739130
50.118723,CBC,0.565217
50.118723,SCIP,0.782609
52.480746,markov-cero,0.565217
52.480746,HiGHS,0.739130
52.480746,CBC,0.565217
52.480746,SCIP,0.782609
54.954087,markov-cero,0.565217
54.954087,HiGHS,0.739130
54.954087,CBC,0.565217
54.954087,SCIP,0.782609
57.543994,markov-cero,0.565217
57.543994,HiGHS,0.739130
57.543994,CBC,0.565217
57.543994,SCIP,0.782609
60.255959,markov-cero,0.565217
60.255959,HiGHS,0.739130
60.255959,CBC,0.565217
60.255959,SCIP,0.782609
63.095734,markov-cero,0.565217
63.095734,HiGHS,0.739130
63.095734,CBC,0.565217
63.095734,SCIP,0.782609
66.069345,markov-cero,0.565217
66.069345,HiGHS,0.739130
66.069345,CBC,0.565217
66.069345,SCIP,0.782609
69.183097,markov-cero,0.565217
69.183097,HiGHS,0.739130
69.183097,CBC,0.565217
69.183097,SCIP,0.782609
72.443596,markov-cero,0.565217
72.443596,HiGHS,0.739130
72.443596,CBC,0.565217
72.443596,SCIP,0.782609
75.857758,markov-cero,0.565217
75.857758,HiGHS,0.739130
75.857758,CBC,0.565217
75.857758,SCIP,0.782609
79.432823,markov-cero,0.565217
79.432823,HiGHS,0.739130
79.432823,CBC,0.565217
79.432823,SCIP,0.782609
83.176377,markov-cero,0.565217
83.176377,HiGHS,0.739130
83.176377,CBC,0.565217
83.176377,SCIP,0.782609
87.096359,markov-cero,0.565217
87.096359,HiGHS,0.739130
87.096359,CBC,0.565217
87.096359,SCIP,0.782609
91.201084,markov-cero,0.565217
91.201084,HiGHS,0.739130
91.201084,CBC,0.565217
91.201084,SCIP,0.782609
95.499259,markov-cero,0.565217
95.499259,HiGHS,0.739130
95.499259,CBC,0.565217
95.499259,SCIP,0.782609
100.000000,markov-cero,0.565217
100.000000,HiGHS,0.739130
100.000000,CBC,0.565217
100.000000,SCIP,0.782609
