solver,solver_sha256,suite,instance,problem_class,n_vars,n_constraints,n_nonzeros,status,verified,objective,best_known_obj,obj_error,time_ms,nodes,gap,kkt_primal,kkt_dual
markov-cero,b73ca526c160956083be14748ce939b936cc35f8be984053d9097273022a0de5,qplib,QPLIB_0001,QP,5,0,0,Optimal,True,-3.499999999997684,,,20.9,1,0,0,0
markov-cero,b73ca526c160956083be14748ce939b936cc35f8be984053d9097273022a0de5,qplib,QPLIB_0002,QP,4,2,6,Optimal,True,-2.1071484636495885,,,19.5,1,0,0,0
markov-cero,b73ca526c160956083be14748ce939b936cc35f8be984053d9097273022a0de5,qplib,QPLIB_0010,QP,6,2,12,Optimal,True,-0.10334183914528287,,,19.8,1,0,0,0
markov-cero,b73ca526c160956083be14748ce939b936cc35f8be984053d9097273022a0de5,qplib,QPLIB_0025,QP,6,3,12,Optimal,True,2681.001805706975,,,19.4,1,0,0,0
markov-cero,b73ca526c160956083be14748ce939b936cc35f8be984053d9097273022a0de5,qplib,QPLIB_8495,,,,,Timeout,False,,,,20242.8,,,,
markov-cero,b73ca526c160956083be14748ce939b936cc35f8be984053d9097273022a0de5,qplib,QPLIB_8515,QP,16002,8002,40003,Unsupported,False,,,,169.2,1,,,
markov-cero,b73ca526c160956083be14748ce939b936cc35f8be984053d9097273022a0de5,qplib,QPLIB_8559,,,,,Timeout,False,,,,20123.5,,,,
markov-cero,b73ca526c160956083be14748ce939b936cc35f8be984053d9097273022a0de5,qplib,QPLIB_8567,,,,,Timeout,False,,,,20130.2,,,,
markov-cero,b73ca526c160956083be14748ce939b936cc35f8be984053d9097273022a0de5,qplib,QPLIB_8602,,,,,Timeout,False,,,,20543.7,,,,
markov-cero,b73ca526c160956083be14748ce939b936cc35f8be984053d9097273022a0de5,qplib,QPLIB_8616,,,,,Timeout,False,,,,20226.2,,,,
markov-cero,b73ca526c160956083be14748ce939b936cc35f8be984053d9097273022a0de5,qplib,QPLIB_8785,,,,,Timeout,False,,,,20096.8,,,,
markov-cero,b73ca526c160956083be14748ce939b936cc35f8be984053d9097273022a0de5,qplib,QPLIB_8790,QP,39204,0,0,ResourceLimit,False,,,,15031.2,1,,,
markov-cero,b73ca526c160956083be14748ce939b936cc35f8be984053d9097273022a0de5,qplib,QPLIB_8792,,,,,Timeout,False,,,,20144.3,,,,
markov-cero,b73ca526c160956083be14748ce939b936cc35f8be984053d9097273022a0de5,qplib,QPLIB_8845,QP,1546,777,10247,ResourceLimit,False,,,,15020.9,1,,,
markov-cero,b73ca526c160956083be14748ce939b936cc35f8be984053d9097273022a0de5,qplib,QPLIB_8906,,,,,Timeout,False,,,,20037.8,,,,
markov-cero,b73ca526c160956083be14748ce939b936cc35f8be984053d9097273022a0de5,qplib,QPLIB_8938,,,,,Timeout,False,,,,20058.2,,,,
markov-cero,b73ca526c160956083be14748ce939b936cc35f8be984053d9097273022a0de5,qplib,QPLIB_8991,,,,,Timeout,False,,,,20135.7,,,,
markov-cero,b73ca526c160956083be14748ce939b936cc35f8be984053d9097273022a0de5,qplib,QPLIB_9002,QP,2890,1649,9690,ResourceLimit,False,,,,16734.6,1,,,
