suite,instance,solver_sha256,mc_threads,mps_sha,mc_status,mc_objective,mc_time_ms,mc_time_min_ms,mc_time_max_ms,mc_verified,mc_engine,hi_status,hi_objective,hi_time_ms,hi_time_min_ms,hi_time_max_ms,ratio_mc_over_hi,objective_agreement,pass
netlib,afiro,beaed56a7534f8c8482819c1ad78aae69951c7b7ea98ef54d188bc43258e7cd1,4,04992b87e57e57c1,Optimal,-464.75314285714285,3.9665954998326924,3.8527560000147787,4.080434999650606,True,auto,Optimal,-464.75314285714285,0.6280049999531911,0.4465709998839884,0.8094390000223939,6.31618458472201,0.0,True
netlib,blend,beaed56a7534f8c8482819c1ad78aae69951c7b7ea98ef54d188bc43258e7cd1,4,38e1d84a38f1e0ad,Optimal,-30.812149845828234,25.005522500123334,23.991109000235156,26.019936000011512,True,auto,Optimal,-30.812149845828237,1.533732000098098,1.4621999998780666,1.6052640003181295,16.303710490831495,1.1530236275549969e-16,True
netlib,sc50a,beaed56a7534f8c8482819c1ad78aae69951c7b7ea98ef54d188bc43258e7cd1,4,36bfce2f41955571,Optimal,-64.57507705856453,3.600811500064083,3.378520000296703,3.8231029998314625,True,auto,Optimal,-64.5750770585645,0.6249845000638743,0.5463709999276034,0.7035980002001452,5.761441283257544,4.401343478789465e-16,True
netlib,sc50b,beaed56a7534f8c8482819c1ad78aae69951c7b7ea98ef54d188bc43258e7cd1,4,bfc47ffcf8f03755,Optimal,-70.00000000000001,3.619772499860119,3.214604999811854,4.0249399999083835,True,auto,Optimal,-69.99999999999999,0.597081999785587,0.5343459997675382,0.6598179998036358,6.062437824553386,4.0602442043434305e-16,True
netlib,adlittle,beaed56a7534f8c8482819c1ad78aae69951c7b7ea98ef54d188bc43258e7cd1,4,db211f7bf735518a,Optimal,225494.9631623804,16.425313500121774,16.02702100035458,16.82360599988897,True,auto,Optimal,225494.9631623803,1.5487885000311508,1.3627140001517546,1.734862999910547,10.605265663963422,3.8719929769485613e-16,True
netlib,share2b,beaed56a7534f8c8482819c1ad78aae69951c7b7ea98ef54d188bc43258e7cd1,4,2816c0a71096acc0,Optimal,-415.7322407414181,17.719018999969194,17.544379999890225,17.893658000048163,True,auto,Optimal,-415.73224074141945,1.6325149999829591,1.5092439998625196,1.7557860001033987,10.853816963491393,3.2815401813109192e-15,True
netlib,recipe,beaed56a7534f8c8482819c1ad78aae69951c7b7ea98ef54d188bc43258e7cd1,4,277b34645cc89526,Optimal,-266.616,11.84691000003113,11.647443000128987,12.046376999933273,True,auto,Optimal,-266.61600000000027,1.2588484999014327,1.2560000000121363,1.261696999790729,9.410910050700094,1.0660166468030417e-15,True
netlib,sc105,beaed56a7534f8c8482819c1ad78aae69951c7b7ea98ef54d188bc43258e7cd1,4,062d034400be9567,Optimal,-52.20206121170726,9.49264149994633,9.393775999797072,9.59150700009559,True,auto,Optimal,-52.20206121170723,0.8819155000310275,0.8150819999173109,0.9487490001447441,10.763663298368563,5.444556933324682e-16,True
netlib,sc205,beaed56a7534f8c8482819c1ad78aae69951c7b7ea98ef54d188bc43258e7cd1,4,bcecc8d8cafd08c6,Optimal,-52.20206121170727,32.062340999800654,31.701437999799964,32.42324399980134,True,auto,Optimal,-52.20206121170721,1.826836500185891,1.8062150002151611,1.847458000156621,17.550744687079618,1.0889113866649368e-15,True
netlib,kb2,beaed56a7534f8c8482819c1ad78aae69951c7b7ea98ef54d188bc43258e7cd1,4,f0eb647d1d9aac84,Optimal,-1749.9001299062056,5.947642500132133,5.829195000387699,6.066089999876567,True,auto,Optimal,-1749.9001299062056,0.6969414998820866,0.6964989997868543,0.697383999977319,8.533919276063193,0.0,True
netlib,lotfi,beaed56a7534f8c8482819c1ad78aae69951c7b7ea98ef54d188bc43258e7cd1,4,fcb90a1b5e02b2ea,Optimal,-25.26470606188001,85.45462600022802,84.46674100014206,86.44251100031397,True,auto,Optimal,-25.264706061880002,2.1581430000878754,2.010401000006823,2.305885000168928,39.59636872846168,2.812392647750548e-16,True
netlib,beaconfd,beaed56a7534f8c8482819c1ad78aae69951c7b7ea98ef54d188bc43258e7cd1,4,7138e7b58b1d6160,Optimal,33592.485807200006,17.94510100012303,16.574309000134235,19.315893000111828,True,auto,Optimal,33592.4858072,3.31697050000912,3.3155850001094223,3.3183559999088175,5.410087608579483,2.1659479610835895e-16,True
netlib,scsd1,beaed56a7534f8c8482819c1ad78aae69951c7b7ea98ef54d188bc43258e7cd1,4,8c4aac4987a81ef6,Optimal,8.666680097560823,137.3982449997584,135.81131999990248,138.9851699996143,True,auto,Optimal,8.666666674333364,3.122553499906644,3.011060000062571,3.234046999750717,44.001886598217204,1.5488339362462045e-06,True
netlib,scsd6,beaed56a7534f8c8482819c1ad78aae69951c7b7ea98ef54d188bc43258e7cd1,4,f3da742cfa24cfad,Optimal,50.50013320878034,552.4618485001156,551.0357980001572,553.887899000074,True,auto,Optimal,50.5000000782623,7.511556499821381,7.274631999734993,7.74848099990777,73.54825175225038,2.636247877839341e-06,True
netlib,share1b,beaed56a7534f8c8482819c1ad78aae69951c7b7ea98ef54d188bc43258e7cd1,4,fafdf8b5e3d50d27,Optimal,-76589.31857918539,70.34065000016199,70.19312200009153,70.48817800023244,True,auto,Optimal,-76589.31857918572,2.7972744999260613,2.67391499983205,2.9206340000200726,25.14613778591313,4.369983392741604e-15,True
netlib,scorpion,beaed56a7534f8c8482819c1ad78aae69951c7b7ea98ef54d188bc43258e7cd1,4,39b61cae042ce4ad,Optimal,1878.124822738107,536.9019540000863,532.169008999972,541.6348990002007,True,auto,Optimal,1878.1248227381068,2.71693900003811,2.623416000005818,2.8104620000704017,197.61281132648003,1.2106419801839654e-16,True
netlib,scagr7,beaed56a7534f8c8482819c1ad78aae69951c7b7ea98ef54d188bc43258e7cd1,4,2170c16fd0cc04a8,Optimal,-2331389.8243309837,22.872729000027903,21.781708999697003,23.963749000358803,True,auto,Optimal,-2331389.824330984,1.7039889999068691,1.6777920000095037,1.7301859998042346,13.423049680061316,1.9973548929826246e-16,True
miplib,stein9,beaed56a7534f8c8482819c1ad78aae69951c7b7ea98ef54d188bc43258e7cd1,4,a07e4e004a694727,Optimal,5,16.844197499949587,16.75331200021901,16.935082999680162,True,auto,Optimal,5.0,11.386521500071467,10.846912000033626,11.926131000109308,1.4793102089908552,0.0,True
miplib,stein15,beaed56a7534f8c8482819c1ad78aae69951c7b7ea98ef54d188bc43258e7cd1,4,8c8903ab3f05d273,Optimal,9,173.2112334998419,171.52274099998976,174.89972599969406,True,auto,Optimal,9.0,26.77481749992694,24.76444800004174,28.78518699981214,6.469184467842388,0.0,True
miplib,flugpl,beaed56a7534f8c8482819c1ad78aae69951c7b7ea98ef54d188bc43258e7cd1,4,ed4b1fcb07d26b51,Optimal,1201500,342.0502830001624,289.14565900004163,394.95490700028313,True,auto,Optimal,1201500.0,73.05851000000985,72.49527900012254,73.62174099989716,4.681867765988059,0.0,True
