solver,suite,instance,problem_class,n_vars,n_constraints,n_nonzeros,status,verified,objective,best_known_obj,obj_error,time_ms,nodes,gap,kkt_primal,kkt_dual
markov-cero,netlib,25fv47,,,,,Timeout,False,,,,20022.1,,,,
markov-cero,netlib,80bau3b,LP,9799,2262,21002,ResourceLimit,False,,,,154.8,0,,,
markov-cero,netlib,adlittle,LP,97,56,383,Optimal,True,225494.9631623804,225494.96316238,1.6778636233443787e-15,152.5,1,0,9.094947017729282e-13,6.189583290350242e-10
markov-cero,netlib,afiro,LP,32,27,83,Optimal,True,-464.75314285714285,-464.753142857143,3.669265269171984e-16,6.2,1,0,4.263256414560601e-14,1.192537552636143e-16
markov-cero,netlib,agg,LP,163,488,2410,Optimal,True,-35991767.28657651,,,9475.3,1,0,4.656612873077393e-10,4.1044742715712346e-08
markov-cero,netlib,agg2,LP,302,516,4284,Optimal,True,-20239252.35597711,,,4845.2,1,0,2.3283064365386963e-10,2.8899105330992825e-13
markov-cero,netlib,agg3,LP,302,516,4300,Optimal,True,10312115.935089223,,,5170.1,1,0,2.3283064365386963e-10,2.5646151868841116e-14
markov-cero,netlib,bandm,LP,472,305,2494,Optimal,True,-158.6280184501206,,,2768.0,1,0,1.936228954946273e-13,6.594696958302139e-11
markov-cero,netlib,beaconfd,LP,262,173,3375,Optimal,True,33592.485807200006,33592.4858072,2.1659479610835895e-16,146.7,1,0,3.2596148002994596e-11,1.9060274192295168e-15
markov-cero,netlib,blend,LP,83,74,491,Optimal,True,-30.812149845828234,,,154.9,1,0,3.352873534367973e-14,2.2343238370581275e-15
markov-cero,netlib,bnl1,,,,,Timeout,False,,,,20020.7,,,,
markov-cero,netlib,bnl2,,,,,Timeout,False,,,,20027.3,,,,
markov-cero,netlib,boeing1,,,,,Timeout,False,,,,20021.2,,,,
markov-cero,netlib,boeing2,LP,143,166,1196,Optimal,True,-315.0187280152029,,,1384.7,1,0,1.8189894035458565e-12,1.3322676295501878e-15
markov-cero,netlib,bore3d,LP,315,233,1429,Optimal,True,1373.0803942084926,,,1401.2,1,0,2.7284841053187847e-12,4.829847077836291e-10
markov-cero,netlib,brandy,LP,249,220,2148,NumericalFailure,False,,,,10534.2,0,,,
markov-cero,netlib,capri,LP,353,271,1767,Optimal,True,2690.012913768161,,,12228.3,1,0,2.7284841053187847e-12,4.249847869453038e-12
markov-cero,netlib,cycle,,,,,Timeout,False,,,,20024.6,,,,
markov-cero,netlib,czprob,,,,,Timeout,False,,,,20022.0,,,,
markov-cero,netlib,d2q06c,,,,,Timeout,False,,,,20009.9,,,,
markov-cero,netlib,d6cube,,,,,Timeout,False,,,,20022.4,,,,
markov-cero,netlib,degen2,,,,,Timeout,False,,,,20020.5,,,,
markov-cero,netlib,degen3,,,,,Timeout,False,,,,20023.9,,,,
markov-cero,netlib,dfl001,LP,0,0,0,InvalidModel,False,,,,68.3,0,,,
markov-cero,netlib,e226,LP,0,0,0,InvalidModel,False,,,,5.1,0,,,
markov-cero,netlib,etamacro,LP,688,400,2409,Optimal,True,-755.7152333749134,,,16347.6,1,0,1.8189894035458565e-12,8.728591201079308e-14
markov-cero,netlib,fffff800,,,,,Timeout,False,,,,20021.3,,,,
markov-cero,netlib,finnis,LP,614,497,2310,Optimal,True,172791.0655956116,,,9933.3,1,0,1.8189894035458565e-12,2.0037305148434825e-12
markov-cero,netlib,fit1d,,,,,Timeout,False,,,,20023.2,,,,
markov-cero,netlib,fit1p,,,,,Timeout,False,,,,20022.4,,,,
markov-cero,netlib,fit2d,,,,,Timeout,False,,,,20021.4,,,,
markov-cero,netlib,fit2p,,,,,Timeout,False,,,,20020.8,,,,
markov-cero,netlib,forplan,LP,0,0,0,InvalidModel,False,,,,2.0,0,,,
markov-cero,netlib,ganges,,,,,Timeout,False,,,,20024.0,,,,
markov-cero,netlib,gfrd-pnc,LP,0,0,0,InvalidModel,False,,,,8.0,0,,,
markov-cero,netlib,greenbea,,,,,Timeout,False,,,,20028.7,,,,
markov-cero,netlib,greenbeb,,,,,Timeout,False,,,,20014.3,,,,
markov-cero,netlib,grow15,LP,0,0,0,InvalidModel,False,,,,8.9,0,,,
markov-cero,netlib,grow22,LP,0,0,0,InvalidModel,False,,,,11.5,0,,,
markov-cero,netlib,grow7,LP,0,0,0,InvalidModel,False,,,,5.1,0,,,
markov-cero,netlib,israel,LP,142,174,2269,Optimal,True,-896644.8218630457,,,2723.9,1,0,6.938352115071211e-10,2.399747067727276e-13
markov-cero,netlib,kb2,LP,41,43,286,Optimal,True,-1749.9001299062056,,,33.7,1,0,1.8403056856186595e-12,5.397592095501835e-15
markov-cero,netlib,lotfi,LP,308,153,1078,Optimal,True,-25.26470606188001,,,937.0,1,0,9.313225746154785e-10,1.3527454980830078e-16
markov-cero,netlib,maros-r7,,,,,Timeout,False,,,,20021.4,,,,
markov-cero,netlib,maros,,,,,Timeout,False,,,,20006.9,,,,
markov-cero,netlib,modszk1,,,,,Timeout,False,,,,20016.5,,,,
markov-cero,netlib,nesm,,,,,Timeout,False,,,,20027.4,,,,
markov-cero,netlib,perold,,,,,Timeout,False,,,,20022.4,,,,
markov-cero,netlib,pilot.ja,,,,,Timeout,False,,-6113.1344111,,20023.9,,,,
markov-cero,netlib,pilot,,,,,Timeout,False,,,,20029.0,,,,
markov-cero,netlib,pilot.we,,,,,Timeout,False,,-2720102.7439,,20023.7,,,,
markov-cero,netlib,pilot4,,,,,Timeout,False,,,,20021.7,,,,
markov-cero,netlib,pilot87,,,,,Timeout,False,,,,20034.2,,,,
markov-cero,netlib,pilotnov,,,,,Timeout,False,,,,20024.1,,,,
markov-cero,netlib,qap12,,,,,Timeout,False,,522.89435056,,20039.4,,,,
markov-cero,netlib,qap15,,,,,Timeout,False,,1040.994041,,20021.4,,,,
markov-cero,netlib,qap8,,,,,Timeout,False,,203.5,,20022.2,,,,
markov-cero,netlib,recipe,LP,180,91,663,Optimal,True,-266.616,-266.616,0.0,102.5,1,0,0,2.203098814490545e-16
markov-cero,netlib,sc105,LP,103,105,280,Optimal,True,-52.20206121170726,-52.202061211707,5.036215163325354e-15,55.9,1,0,5.684341886080802e-14,4.163336342344337e-17
markov-cero,netlib,sc205,LP,203,205,551,Optimal,True,-52.20206121170727,-52.202061211707,5.1723290866584715e-15,220.7,1,0,1.1368683772161603e-13,2.0826168480730933e-16
markov-cero,netlib,sc50a,LP,48,50,130,Optimal,True,-64.57507705856453,-64.575077058564,8.142485435760573e-15,11.0,1,0,2.842170943040401e-14,1.0148132334464322e-16
markov-cero,netlib,sc50b,LP,48,50,118,Optimal,True,-70.00000000000001,-70.0,2.0301221021717148e-16,14.9,1,0,5.684341886080802e-14,3.2959746043559335e-17
markov-cero,netlib,scagr25,LP,500,471,1554,Optimal,True,-14753433.06076852,,,8182.3,1,0,1.8189894035458565e-12,6.181721801112872e-13
markov-cero,netlib,scagr7,LP,140,129,420,Optimal,True,-2331389.8243309837,-2331389.82433098,1.5978839143861025e-15,176.5,1,0,2.7284841053187847e-12,2.6645352591003757e-13
markov-cero,netlib,scfxm1,LP,457,330,2589,Optimal,True,18416.759028348933,,,3624.1,1,0,5.4569682106375694e-12,1.7020888026460158e-09
markov-cero,netlib,scfxm2,,,,,Timeout,False,,,,20015.5,,,,
markov-cero,netlib,scfxm3,,,,,Timeout,False,,,,20021.4,,,,
markov-cero,netlib,scorpion,LP,358,388,1426,Optimal,True,1878.124822738107,1878.1248227381,3.7529901385703066e-15,10453.3,1,0,8.881784197001252e-16,7.797460582724641e-08
markov-cero,netlib,scrs8,,,,,Timeout,False,,,,20021.2,,,,
markov-cero,netlib,scsd1,LP,760,77,2388,Optimal,True,8.666680097560823,,,1688.7,1,0,4.93799445777654e-11,0
markov-cero,netlib,scsd6,LP,1350,147,4316,Optimal,True,50.50013320878034,,,8005.4,1,0,1.18682064176312e-10,0
markov-cero,netlib,scsd8,,,,,Timeout,False,,,,20022.1,,,,
markov-cero,netlib,sctap1,LP,480,300,1692,Optimal,True,1412.2500000000002,,,2946.0,1,0,2.1316282072803006e-14,9.947598300641403e-14
markov-cero,netlib,sctap2,,,,,Timeout,False,,,,20023.5,,,,
markov-cero,netlib,sctap3,,,,,Timeout,False,,,,20006.9,,,,
markov-cero,netlib,seba,,,,,Timeout,False,,,,20016.4,,,,
markov-cero,netlib,share1b,LP,225,117,1151,Optimal,True,-76589.31857918539,-76589.3185791855,1.5199942235623013e-15,720.9,1,0,5.067908205044032e-10,6.901146321069973e-13
markov-cero,netlib,share2b,LP,79,96,694,Optimal,True,-415.7322407414181,-415.732240741418,1.3673084088795544e-16,144.3,1,0,9.094947017729282e-13,1.5898393712632242e-13
markov-cero,netlib,shell,LP,1775,536,3556,ResourceLimit,False,,,,19100.7,0,,,
markov-cero,netlib,ship04l,LP,2118,402,6332,Optimal,True,1793324.5379703557,,,5598.5,1,0,1.4210854715202004e-14,8.526512829121202e-13
markov-cero,netlib,ship04s,LP,1458,402,4352,Optimal,True,1798714.7004453922,,,2460.8,1,0,4.3520742565306136e-14,9.094947017729282e-13
markov-cero,netlib,ship08l,LP,4283,778,12802,ResourceLimit,False,,,,15011.5,0,,,
markov-cero,netlib,ship08s,LP,2387,778,7114,Optimal,True,1920098.2105346196,,,10676.2,1,0,2.842170943040401e-14,9.947598300641403e-13
markov-cero,netlib,ship12l,LP,5427,1151,16170,ResourceLimit,False,,,,15028.9,0,,,
markov-cero,netlib,ship12s,LP,2763,1151,8178,Optimal,True,1489236.1344061291,,,13926.5,1,0,1.4210854715202004e-14,1.4495071809506044e-12
markov-cero,netlib,sierra,LP,0,0,0,InvalidModel,False,,,,15.5,0,,,
markov-cero,netlib,stair,LP,467,356,3856,ResourceLimit,False,,,,15013.3,0,,,
markov-cero,netlib,standata,LP,1075,359,3031,Optimal,True,1257.6995000000002,,,6435.9,1,0,1.1368683772161603e-13,1.7763568394002505e-14
markov-cero,netlib,standgub,LP,1184,361,3139,Optimal,True,1257.6995000000002,,,6630.3,1,0,1.1368683772161603e-13,1.7763568394002505e-14
markov-cero,netlib,standmps,LP,1075,467,3679,ResourceLimit,False,,,,15031.9,0,,,
markov-cero,netlib,stocfor1,LP,111,117,447,Optimal,True,-41131.97621943642,,,167.1,1,0,2.7284841053187847e-12,3.266221737519004e-10
markov-cero,netlib,stocfor2,LP,2031,2157,8343,ResourceLimit,False,,,,15142.2,0,,,
markov-cero,netlib,stocfor3,,,,,Timeout,False,,-39976.661576,,20019.0,,,,
markov-cero,netlib,truss,LP,8806,1000,27836,ResourceLimit,False,,458815.84719,,15075.7,0,,,
markov-cero,netlib,tuff,LP,587,333,4520,ResourceLimit,False,,,,15012.7,0,,,
markov-cero,netlib,vtpbase,LP,203,198,908,Optimal,True,129831.46246136136,,,112.9,1,0,5.820766091346741e-11,7.438702942508257e-08
markov-cero,netlib,wood1p,,,,,Timeout,False,,,,20021.7,,,,
markov-cero,netlib,woodw,LP,8405,1098,37474,ResourceLimit,False,,,,15077.9,0,,,
