suite,instance,mc_threads,mps_sha,mc_status,mc_objective,mc_time_ms,mc_time_min_ms,mc_time_max_ms,mc_verified,mc_engine,hi_status,hi_objective,hi_time_ms,hi_time_min_ms,hi_time_max_ms,ratio_mc_over_hi,objective_agreement,pass
netlib,afiro,1,04992b87e57e57c1,Optimal,-464.75314285714285,5.6374800001322,5.6374800001322,5.6374800001322,True,auto,Optimal,-464.75314285714285,0.9388099997522659,0.9388099997522659,0.9388099997522659,6.004921125275428,0.0,True
netlib,blend,1,38e1d84a38f1e0ad,Optimal,-30.812149845828234,25.661520999619825,25.661520999619825,25.661520999619825,True,auto,Optimal,-30.812149845828237,2.616357000079006,2.616357000079006,2.616357000079006,9.808111430834908,1.1530236275549969e-16,True
netlib,sc50a,1,36bfce2f41955571,Optimal,-64.57507705856453,3.7733439999101392,3.7733439999101392,3.7733439999101392,True,auto,Optimal,-64.5750770585645,0.6684099998892634,0.6684099998892634,0.6684099998892634,5.64525366247554,4.401343478789465e-16,True
netlib,sc50b,1,bfc47ffcf8f03755,Optimal,-70.00000000000001,4.229938999742444,4.229938999742444,4.229938999742444,True,auto,Optimal,-69.99999999999999,0.727504000224144,0.727504000224144,0.727504000224144,5.814317169993842,4.0602442043434305e-16,True
netlib,adlittle,1,db211f7bf735518a,Optimal,225494.9631623804,18.664910000097734,18.664910000097734,18.664910000097734,True,auto,Optimal,225494.9631623803,2.58492800003296,2.58492800003296,2.58492800003296,7.220669202337451,3.8719929769485613e-16,True
netlib,share2b,1,2816c0a71096acc0,Optimal,-415.7322407414181,16.804214999865508,16.804214999865508,16.804214999865508,True,auto,Optimal,-415.73224074141945,2.571227999851544,2.571227999851544,2.571227999851544,6.535482267941909,3.2815401813109192e-15,True
netlib,recipe,1,277b34645cc89526,Optimal,-266.616,12.22185000005993,12.22185000005993,12.22185000005993,True,auto,Optimal,-266.61600000000027,1.2896000002911023,1.2896000002911023,1.2896000002911023,9.477241002869947,1.0660166468030417e-15,True
netlib,sc105,1,062d034400be9567,Optimal,-52.20206121170726,12.0569189998605,12.0569189998605,12.0569189998605,True,auto,Optimal,-52.20206121170723,0.9985859996959334,0.9985859996959334,0.9985859996959334,12.073991627693356,5.444556933324682e-16,True
netlib,sc205,1,bcecc8d8cafd08c6,Optimal,-52.20206121170727,33.77159299998311,33.77159299998311,33.77159299998311,True,auto,Optimal,-52.20206121170721,1.8394280000393337,1.8394280000393337,1.8394280000393337,18.35983414369084,1.0889113866649368e-15,True
netlib,kb2,1,f0eb647d1d9aac84,Optimal,-1749.9001299062056,5.769531000169081,5.769531000169081,5.769531000169081,True,auto,Optimal,-1749.9001299062056,1.505274000010104,1.505274000010104,1.505274000010104,3.8328776024367355,0.0,True
netlib,lotfi,1,fcb90a1b5e02b2ea,Optimal,-25.26470606188001,86.55329800012623,86.55329800012623,86.55329800012623,True,auto,Optimal,-25.264706061880002,2.4134459999913815,2.4134459999913815,2.4134459999913815,35.86295197838913,2.812392647750548e-16,True
netlib,beaconfd,1,7138e7b58b1d6160,Optimal,33592.485807200006,18.009584000083123,18.009584000083123,18.009584000083123,True,auto,Optimal,33592.4858072,4.09464000040316,4.09464000040316,4.09464000040316,4.398331476835544,2.1659479610835895e-16,True
netlib,scsd1,1,8c4aac4987a81ef6,Optimal,8.666680097560823,144.8215559998971,144.8215559998971,144.8215559998971,True,auto,Optimal,8.666666674333364,3.3277860002272064,3.3277860002272064,3.3277860002272064,43.51889093529732,1.5488339362462045e-06,True
netlib,scsd6,1,f3da742cfa24cfad,Optimal,50.50013320878034,561.6945740002848,561.6945740002848,561.6945740002848,True,auto,Optimal,50.5000000782623,7.982326000274043,7.982326000274043,7.982326000274043,70.36728066242861,2.636247877839341e-06,True
netlib,share1b,1,fafdf8b5e3d50d27,Optimal,-76589.31857918539,77.14603899967187,77.14603899967187,77.14603899967187,True,auto,Optimal,-76589.31857918572,4.652409000300395,4.652409000300395,4.652409000300395,16.581955497612256,4.369983392741604e-15,True
netlib,scorpion,1,39b61cae042ce4ad,Optimal,1878.124822738107,619.6919120002349,619.6919120002349,619.6919120002349,True,auto,Optimal,1878.1248227381068,4.66103300004761,4.66103300004761,4.66103300004761,132.9516250998234,1.2106419801839654e-16,True
netlib,scagr7,1,2170c16fd0cc04a8,Optimal,-2331389.8243309837,23.858263999954943,23.858263999954943,23.858263999954943,True,auto,Optimal,-2331389.824330984,5.561386999943352,5.561386999943352,5.561386999943352,4.289984494910705,1.9973548929826246e-16,True
miplib,stein9,1,a07e4e004a694727,Optimal,5,21.654140000009647,21.654140000009647,21.654140000009647,True,auto,Optimal,5.0,11.260019000019383,11.260019000019383,11.260019000019383,1.9230997745183531,0.0,True
miplib,stein15,1,8c8903ab3f05d273,Optimal,9,1169.0806940000584,1169.0806940000584,1169.0806940000584,True,auto,Optimal,9.0,26.218696999876556,26.218696999876556,26.218696999876556,44.58958025280825,0.0,True
miplib,flugpl,1,ed4b1fcb07d26b51,Optimal,1201500.0000000002,6066.21218600003,6066.21218600003,6066.21218600003,True,auto,Optimal,1201500.0,73.58283700023094,73.58283700023094,73.58283700023094,82.44058578471214,1.9378330724416949e-16,True
