instance,solver,status,objective,runtime_ms,verified,markov_cero_sha256
afiro,markov-cero,Optimal,-464.75314285714285,3.7,True,beaed56a7534f8c8482819c1ad78aae69951c7b7ea98ef54d188bc43258e7cd1
afiro,HiGHS,Optimal,-464.75314285714285,9.5,True,beaed56a7534f8c8482819c1ad78aae69951c7b7ea98ef54d188bc43258e7cd1
afiro,GLPK,Optimal,-464.7531429,12.4,True,beaed56a7534f8c8482819c1ad78aae69951c7b7ea98ef54d188bc43258e7cd1
afiro,CBC,Optimal,-464.75314432000005,11.3,True,beaed56a7534f8c8482819c1ad78aae69951c7b7ea98ef54d188bc43258e7cd1
afiro,SCIP,Optimal,-464.75314285714273,1.4,True,beaed56a7534f8c8482819c1ad78aae69951c7b7ea98ef54d188bc43258e7cd1
adlittle,markov-cero,Optimal,225494.9631623804,23.8,True,beaed56a7534f8c8482819c1ad78aae69951c7b7ea98ef54d188bc43258e7cd1
adlittle,HiGHS,Optimal,225494.9631623803,15.1,True,beaed56a7534f8c8482819c1ad78aae69951c7b7ea98ef54d188bc43258e7cd1
adlittle,GLPK,Optimal,225494.9632,13.6,True,beaed56a7534f8c8482819c1ad78aae69951c7b7ea98ef54d188bc43258e7cd1
adlittle,CBC,Optimal,225494.9670933959,18.6,True,beaed56a7534f8c8482819c1ad78aae69951c7b7ea98ef54d188bc43258e7cd1
adlittle,SCIP,Optimal,225494.9631623802,2.9,True,beaed56a7534f8c8482819c1ad78aae69951c7b7ea98ef54d188bc43258e7cd1
sc50a,markov-cero,Optimal,-64.57507705856453,8.3,True,beaed56a7534f8c8482819c1ad78aae69951c7b7ea98ef54d188bc43258e7cd1
sc50a,HiGHS,Optimal,-64.5750770585645,5.7,True,beaed56a7534f8c8482819c1ad78aae69951c7b7ea98ef54d188bc43258e7cd1
sc50a,GLPK,Optimal,-64.57507706,6.4,True,beaed56a7534f8c8482819c1ad78aae69951c7b7ea98ef54d188bc43258e7cd1
sc50a,CBC,Optimal,-64.575077,6.0,True,beaed56a7534f8c8482819c1ad78aae69951c7b7ea98ef54d188bc43258e7cd1
sc50a,SCIP,Optimal,-64.5750770585645,0.9,True,beaed56a7534f8c8482819c1ad78aae69951c7b7ea98ef54d188bc43258e7cd1
blend,markov-cero,Optimal,-30.812149845828234,31.0,True,beaed56a7534f8c8482819c1ad78aae69951c7b7ea98ef54d188bc43258e7cd1
blend,HiGHS,Optimal,-30.812149845828237,8.0,True,beaed56a7534f8c8482819c1ad78aae69951c7b7ea98ef54d188bc43258e7cd1
blend,GLPK,Optimal,-30.81214985,3.5,True,beaed56a7534f8c8482819c1ad78aae69951c7b7ea98ef54d188bc43258e7cd1
blend,CBC,Optimal,-30.81214985,6.3,True,beaed56a7534f8c8482819c1ad78aae69951c7b7ea98ef54d188bc43258e7cd1
blend,SCIP,Optimal,-30.812149845828205,2.6,True,beaed56a7534f8c8482819c1ad78aae69951c7b7ea98ef54d188bc43258e7cd1
lotfi,markov-cero,Optimal,-25.26470606188001,93.1,True,beaed56a7534f8c8482819c1ad78aae69951c7b7ea98ef54d188bc43258e7cd1
lotfi,HiGHS,Optimal,-25.264706061880002,19.4,True,beaed56a7534f8c8482819c1ad78aae69951c7b7ea98ef54d188bc43258e7cd1
lotfi,GLPK,Optimal,-25.26470606,5.5,True,beaed56a7534f8c8482819c1ad78aae69951c7b7ea98ef54d188bc43258e7cd1
lotfi,CBC,Optimal,-25.264706599999997,21.9,True,beaed56a7534f8c8482819c1ad78aae69951c7b7ea98ef54d188bc43258e7cd1
lotfi,SCIP,Optimal,-25.26470606188002,4.2,True,beaed56a7534f8c8482819c1ad78aae69951c7b7ea98ef54d188bc43258e7cd1
kb2,markov-cero,Optimal,-1749.9001299062056,7.7,True,beaed56a7534f8c8482819c1ad78aae69951c7b7ea98ef54d188bc43258e7cd1
kb2,HiGHS,Optimal,-1749.9001299062056,7.9,True,beaed56a7534f8c8482819c1ad78aae69951c7b7ea98ef54d188bc43258e7cd1
kb2,GLPK,Optimal,-1749.90013,7.2,True,beaed56a7534f8c8482819c1ad78aae69951c7b7ea98ef54d188bc43258e7cd1
kb2,CBC,Optimal,-1749.9001314958,6.1,True,beaed56a7534f8c8482819c1ad78aae69951c7b7ea98ef54d188bc43258e7cd1
kb2,SCIP,Optimal,-1749.9001299062058,1.5,True,beaed56a7534f8c8482819c1ad78aae69951c7b7ea98ef54d188bc43258e7cd1
scorpion,markov-cero,Optimal,1878.124822738107,526.7,True,beaed56a7534f8c8482819c1ad78aae69951c7b7ea98ef54d188bc43258e7cd1
scorpion,HiGHS,Optimal,1878.1248227381068,18.8,True,beaed56a7534f8c8482819c1ad78aae69951c7b7ea98ef54d188bc43258e7cd1
scorpion,GLPK,Optimal,1878.124823,8.6,True,beaed56a7534f8c8482819c1ad78aae69951c7b7ea98ef54d188bc43258e7cd1
scorpion,CBC,Optimal,1878.1248375403138,15.5,True,beaed56a7534f8c8482819c1ad78aae69951c7b7ea98ef54d188bc43258e7cd1
scorpion,SCIP,Optimal,1878.1248227381068,4.8,True,beaed56a7534f8c8482819c1ad78aae69951c7b7ea98ef54d188bc43258e7cd1
share2b,markov-cero,Optimal,-415.7322407414181,23.7,True,beaed56a7534f8c8482819c1ad78aae69951c7b7ea98ef54d188bc43258e7cd1
share2b,HiGHS,Optimal,-415.73224074141945,9.7,True,beaed56a7534f8c8482819c1ad78aae69951c7b7ea98ef54d188bc43258e7cd1
share2b,GLPK,Optimal,-415.7322407,3.6,True,beaed56a7534f8c8482819c1ad78aae69951c7b7ea98ef54d188bc43258e7cd1
share2b,CBC,Optimal,-415.7322447461228,13.3,True,beaed56a7534f8c8482819c1ad78aae69951c7b7ea98ef54d188bc43258e7cd1
share2b,SCIP,Optimal,-415.7322407414159,3.3,True,beaed56a7534f8c8482819c1ad78aae69951c7b7ea98ef54d188bc43258e7cd1
beaconfd,markov-cero,Optimal,33592.485807200006,33.4,True,beaed56a7534f8c8482819c1ad78aae69951c7b7ea98ef54d188bc43258e7cd1
beaconfd,HiGHS,Optimal,33592.4858072,21.9,True,beaed56a7534f8c8482819c1ad78aae69951c7b7ea98ef54d188bc43258e7cd1
beaconfd,GLPK,Optimal,33592.48581,13.8,True,beaed56a7534f8c8482819c1ad78aae69951c7b7ea98ef54d188bc43258e7cd1
beaconfd,CBC,Optimal,33592.48580719999,24.8,True,beaed56a7534f8c8482819c1ad78aae69951c7b7ea98ef54d188bc43258e7cd1
beaconfd,SCIP,Optimal,33592.485807200006,3.1,True,beaed56a7534f8c8482819c1ad78aae69951c7b7ea98ef54d188bc43258e7cd1
recipe,markov-cero,Optimal,-266.616,14.8,True,beaed56a7534f8c8482819c1ad78aae69951c7b7ea98ef54d188bc43258e7cd1
recipe,HiGHS,Optimal,-266.61600000000027,13.1,True,beaed56a7534f8c8482819c1ad78aae69951c7b7ea98ef54d188bc43258e7cd1
recipe,GLPK,Optimal,-266.616,11.3,True,beaed56a7534f8c8482819c1ad78aae69951c7b7ea98ef54d188bc43258e7cd1
recipe,CBC,Optimal,-266.61600000000027,15.5,True,beaed56a7534f8c8482819c1ad78aae69951c7b7ea98ef54d188bc43258e7cd1
recipe,SCIP,Optimal,-266.61599999999993,4.6,True,beaed56a7534f8c8482819c1ad78aae69951c7b7ea98ef54d188bc43258e7cd1
stein9,markov-cero,Optimal,5,25.2,True,beaed56a7534f8c8482819c1ad78aae69951c7b7ea98ef54d188bc43258e7cd1
stein9,HiGHS,Optimal,5.0,17.1,True,beaed56a7534f8c8482819c1ad78aae69951c7b7ea98ef54d188bc43258e7cd1
stein9,GLPK,Optimal,5.0,14.9,True,beaed56a7534f8c8482819c1ad78aae69951c7b7ea98ef54d188bc43258e7cd1
stein9,CBC,Optimal,5.0,18.9,True,beaed56a7534f8c8482819c1ad78aae69951c7b7ea98ef54d188bc43258e7cd1
stein9,SCIP,Optimal,4.999999999999998,9.2,True,beaed56a7534f8c8482819c1ad78aae69951c7b7ea98ef54d188bc43258e7cd1
stein15,markov-cero,Optimal,9,1084.6,True,beaed56a7534f8c8482819c1ad78aae69951c7b7ea98ef54d188bc43258e7cd1
stein15,HiGHS,Optimal,9.0,46.3,True,beaed56a7534f8c8482819c1ad78aae69951c7b7ea98ef54d188bc43258e7cd1
stein15,GLPK,Optimal,9.0,34.4,True,beaed56a7534f8c8482819c1ad78aae69951c7b7ea98ef54d188bc43258e7cd1
stein15,CBC,Optimal,9.0,167.4,True,beaed56a7534f8c8482819c1ad78aae69951c7b7ea98ef54d188bc43258e7cd1
stein15,SCIP,Optimal,8.999999999999993,23.8,True,beaed56a7534f8c8482819c1ad78aae69951c7b7ea98ef54d188bc43258e7cd1
flugpl,markov-cero,Optimal,1201500.0000000002,5274.3,True,beaed56a7534f8c8482819c1ad78aae69951c7b7ea98ef54d188bc43258e7cd1
flugpl,HiGHS,Optimal,1201500.0,75.3,True,beaed56a7534f8c8482819c1ad78aae69951c7b7ea98ef54d188bc43258e7cd1
flugpl,GLPK,Optimal,1201500.0,11.5,True,beaed56a7534f8c8482819c1ad78aae69951c7b7ea98ef54d188bc43258e7cd1
flugpl,CBC,Optimal,1201500.0,30.7,True,beaed56a7534f8c8482819c1ad78aae69951c7b7ea98ef54d188bc43258e7cd1
flugpl,SCIP,Optimal,1201500.0,10.0,True,beaed56a7534f8c8482819c1ad78aae69951c7b7ea98ef54d188bc43258e7cd1
pk1,markov-cero,TimeLimit,,15018.1,False,beaed56a7534f8c8482819c1ad78aae69951c7b7ea98ef54d188bc43258e7cd1
pk1,HiGHS,Feasible,27.0,15025.4,False,beaed56a7534f8c8482819c1ad78aae69951c7b7ea98ef54d188bc43258e7cd1
pk1,GLPK,Feasible,18.0,15026.9,False,beaed56a7534f8c8482819c1ad78aae69951c7b7ea98ef54d188bc43258e7cd1
pk1,CBC,Feasible,11.0,15058.7,False,beaed56a7534f8c8482819c1ad78aae69951c7b7ea98ef54d188bc43258e7cd1
pk1,SCIP,Feasible,15.999999999999986,15001.2,False,beaed56a7534f8c8482819c1ad78aae69951c7b7ea98ef54d188bc43258e7cd1
swath1,markov-cero,IterationLimit,,11705.8,False,beaed56a7534f8c8482819c1ad78aae69951c7b7ea98ef54d188bc43258e7cd1
swath1,HiGHS,Feasible,383.0327481499989,15038.4,False,beaed56a7534f8c8482819c1ad78aae69951c7b7ea98ef54d188bc43258e7cd1
swath1,GLPK,Optimal,379.0713005,11655.1,True,beaed56a7534f8c8482819c1ad78aae69951c7b7ea98ef54d188bc43258e7cd1
swath1,CBC,Feasible,379.0713,15220.7,False,beaed56a7534f8c8482819c1ad78aae69951c7b7ea98ef54d188bc43258e7cd1
swath1,SCIP,Optimal,379.07129575,11649.1,True,beaed56a7534f8c8482819c1ad78aae69951c7b7ea98ef54d188bc43258e7cd1
markshare_5_0,markov-cero,TimeLimit,,15035.9,False,beaed56a7534f8c8482819c1ad78aae69951c7b7ea98ef54d188bc43258e7cd1
markshare_5_0,HiGHS,Feasible,18.00000000000021,15000.8,False,beaed56a7534f8c8482819c1ad78aae69951c7b7ea98ef54d188bc43258e7cd1
markshare_5_0,GLPK,Feasible,8.0,30033.9,False,beaed56a7534f8c8482819c1ad78aae69951c7b7ea98ef54d188bc43258e7cd1
markshare_5_0,CBC,Feasible,11.0,15096.1,False,beaed56a7534f8c8482819c1ad78aae69951c7b7ea98ef54d188bc43258e7cd1
markshare_5_0,SCIP,Feasible,8.0,15001.5,False,beaed56a7534f8c8482819c1ad78aae69951c7b7ea98ef54d188bc43258e7cd1
bienst1,markov-cero,TimeLimit,,20757.1,False,beaed56a7534f8c8482819c1ad78aae69951c7b7ea98ef54d188bc43258e7cd1
bienst1,HiGHS,Feasible,69.5,15026.8,False,beaed56a7534f8c8482819c1ad78aae69951c7b7ea98ef54d188bc43258e7cd1
bienst1,GLPK,Feasible,46.75,15023.8,False,beaed56a7534f8c8482819c1ad78aae69951c7b7ea98ef54d188bc43258e7cd1
bienst1,CBC,Feasible,46.75,30055.5,False,beaed56a7534f8c8482819c1ad78aae69951c7b7ea98ef54d188bc43258e7cd1
bienst1,SCIP,Feasible,46.75,15000.9,False,beaed56a7534f8c8482819c1ad78aae69951c7b7ea98ef54d188bc43258e7cd1
neos5,markov-cero,TimeLimit,,15004.0,False,beaed56a7534f8c8482819c1ad78aae69951c7b7ea98ef54d188bc43258e7cd1
neos5,HiGHS,Feasible,20.0,15018.4,False,beaed56a7534f8c8482819c1ad78aae69951c7b7ea98ef54d188bc43258e7cd1
neos5,GLPK,Feasible,15.0,15016.0,False,beaed56a7534f8c8482819c1ad78aae69951c7b7ea98ef54d188bc43258e7cd1
neos5,CBC,Feasible,15.0,15064.5,False,beaed56a7534f8c8482819c1ad78aae69951c7b7ea98ef54d188bc43258e7cd1
neos5,SCIP,Feasible,15.0,15001.4,False,beaed56a7534f8c8482819c1ad78aae69951c7b7ea98ef54d188bc43258e7cd1
ran14x18_1,markov-cero,TimeLimit,,15032.1,False,beaed56a7534f8c8482819c1ad78aae69951c7b7ea98ef54d188bc43258e7cd1
ran14x18_1,HiGHS,Feasible,4265.0,15031.7,False,beaed56a7534f8c8482819c1ad78aae69951c7b7ea98ef54d188bc43258e7cd1
ran14x18_1,GLPK,Feasible,4290.0,15012.2,False,beaed56a7534f8c8482819c1ad78aae69951c7b7ea98ef54d188bc43258e7cd1
ran14x18_1,CBC,Feasible,3820.0,15037.6,False,beaed56a7534f8c8482819c1ad78aae69951c7b7ea98ef54d188bc43258e7cd1
ran14x18_1,SCIP,Feasible,3844.0,15002.0,False,beaed56a7534f8c8482819c1ad78aae69951c7b7ea98ef54d188bc43258e7cd1
QPLIB_0001,markov-cero,Optimal,-3.499999999997684,13.3,True,beaed56a7534f8c8482819c1ad78aae69951c7b7ea98ef54d188bc43258e7cd1
QPLIB_0001,HiGHS,Optimal,-3.499999999999996,12.5,True,beaed56a7534f8c8482819c1ad78aae69951c7b7ea98ef54d188bc43258e7cd1
QPLIB_0001,GLPK,Unsupported,,0.0,False,beaed56a7534f8c8482819c1ad78aae69951c7b7ea98ef54d188bc43258e7cd1
QPLIB_0001,CBC,Unsupported,,0.0,False,beaed56a7534f8c8482819c1ad78aae69951c7b7ea98ef54d188bc43258e7cd1
QPLIB_0001,SCIP,Optimal,-3.500000838099719,10.6,True,beaed56a7534f8c8482819c1ad78aae69951c7b7ea98ef54d188bc43258e7cd1
QPLIB_0002,markov-cero,Optimal,-2.1071484636495885,34.4,True,beaed56a7534f8c8482819c1ad78aae69951c7b7ea98ef54d188bc43258e7cd1
QPLIB_0002,HiGHS,Optimal,-2.107142857142854,34.3,True,beaed56a7534f8c8482819c1ad78aae69951c7b7ea98ef54d188bc43258e7cd1
QPLIB_0002,GLPK,Unsupported,,0.0,False,beaed56a7534f8c8482819c1ad78aae69951c7b7ea98ef54d188bc43258e7cd1
QPLIB_0002,CBC,Unsupported,,0.0,False,beaed56a7534f8c8482819c1ad78aae69951c7b7ea98ef54d188bc43258e7cd1
QPLIB_0002,SCIP,Optimal,-2.107143297791482,31.2,True,beaed56a7534f8c8482819c1ad78aae69951c7b7ea98ef54d188bc43258e7cd1
QPLIB_0010,markov-cero,Optimal,-0.10334183914528287,33.2,True,beaed56a7534f8c8482819c1ad78aae69951c7b7ea98ef54d188bc43258e7cd1
QPLIB_0010,HiGHS,Optimal,-0.1033417085427108,32.3,True,beaed56a7534f8c8482819c1ad78aae69951c7b7ea98ef54d188bc43258e7cd1
QPLIB_0010,GLPK,Unsupported,,0.0,False,beaed56a7534f8c8482819c1ad78aae69951c7b7ea98ef54d188bc43258e7cd1
QPLIB_0010,CBC,Unsupported,,0.0,False,beaed56a7534f8c8482819c1ad78aae69951c7b7ea98ef54d188bc43258e7cd1
QPLIB_0010,SCIP,Optimal,-0.10334222158000905,30.1,True,beaed56a7534f8c8482819c1ad78aae69951c7b7ea98ef54d188bc43258e7cd1
QPLIB_0025,markov-cero,Optimal,2681.001805706975,7.6,True,beaed56a7534f8c8482819c1ad78aae69951c7b7ea98ef54d188bc43258e7cd1
QPLIB_0025,HiGHS,Optimal,2681.0,6.5,True,beaed56a7534f8c8482819c1ad78aae69951c7b7ea98ef54d188bc43258e7cd1
QPLIB_0025,GLPK,Unsupported,,0.0,False,beaed56a7534f8c8482819c1ad78aae69951c7b7ea98ef54d188bc43258e7cd1
QPLIB_0025,CBC,Unsupported,,0.0,False,beaed56a7534f8c8482819c1ad78aae69951c7b7ea98ef54d188bc43258e7cd1
QPLIB_0025,SCIP,Optimal,2680.99999774905,3.7,True,beaed56a7534f8c8482819c1ad78aae69951c7b7ea98ef54d188bc43258e7cd1
