campaign_id,manifest_version,solver,solver_sha256,instance,suite,problem_class,split,repeat,cold_warm,run_state,threads,cap_s,parent_wall_ms,solver_runtime_ms,status,verified,assurance,objective,best_bound,relative_gap,nodes,lp_iterations,peak_rss_kib,reference_objective,objective_delta,independent_check,independent_max_violation,notes
bench04-2026-10-03,2026-10-02,build/markov-cero-solve,8867a84cd95166837fc3c4a6090110f2f613c69f2e7a183fb0bc712590a238ba,data/netlib/bore3d.mps,netlib,LP,holdout,0,cold,ok,1,60.0,167.684,164.56263,Optimal,true,optimality_witness_checked,1373.0803942084926,1373.0803942084926,0,1,301,6036,,,pass,2.728484e-12,stderr=markov-cero 0.5.2 Optimal [LP -> primal] VERIFIED
bench04-2026-10-03,2026-10-02,build/markov-cero-solve,8867a84cd95166837fc3c4a6090110f2f613c69f2e7a183fb0bc712590a238ba,data/netlib/scsd1.mps,netlib,LP,tune,0,cold,ok,1,60.0,165.899,163.526448,Optimal,true,optimality_witness_checked,8.666666674333364,8.666666674333364,0,1,974,5960,,,pass,2.220446e-16,stderr=markov-cero 0.5.2 Optimal [LP -> primal] VERIFIED
bench04-2026-10-03,2026-10-02,build/markov-cero-solve,8867a84cd95166837fc3c4a6090110f2f613c69f2e7a183fb0bc712590a238ba,data/netlib/blend.mps,netlib,LP,train,0,cold,ok,1,60.0,33.454,31.026423,Optimal,true,optimality_witness_checked,-30.812149845828234,-30.812149845828234,0,1,143,5536,,,pass,1.421085e-14,stderr=markov-cero 0.5.2 Optimal [LP -> primal] VERIFIED
bench04-2026-10-03,2026-10-02,build/markov-cero-solve,8867a84cd95166837fc3c4a6090110f2f613c69f2e7a183fb0bc712590a238ba,data/netlib/e226.mps,netlib,LP,holdout,0,cold,ok,1,60.0,550.143,547.536217,Optimal,true,optimality_witness_checked,-25.864929066370514,-25.864929066370514,0,1,705,6808,,,pass,3.907985e-14,stderr=markov-cero 0.5.2 Optimal [LP -> primal] VERIFIED
bench04-2026-10-03,2026-10-02,build/markov-cero-solve,8867a84cd95166837fc3c4a6090110f2f613c69f2e7a183fb0bc712590a238ba,data/netlib/scsd6.mps,netlib,LP,train,0,cold,ok,1,60.0,495.041,492.114192,Optimal,true,optimality_witness_checked,50.50000007714434,50.50000007714434,0,1,1095,7060,,,pass,2.220446e-16,stderr=markov-cero 0.5.2 Optimal [LP -> primal] VERIFIED
bench04-2026-10-03,2026-10-02,build/markov-cero-solve,8867a84cd95166837fc3c4a6090110f2f613c69f2e7a183fb0bc712590a238ba,data/netlib/grow7.mps,netlib,LP,train,0,cold,ok,1,60.0,1715.285,1712.729072,Optimal,true,optimality_witness_checked,-47787811.8147115,-47787811.8147115,0,1,806,7232,,,pass,2.328306e-10,stderr=markov-cero 0.5.2 Optimal [LP -> primal] VERIFIED
bench04-2026-10-03,2026-10-02,build/markov-cero-solve,8867a84cd95166837fc3c4a6090110f2f613c69f2e7a183fb0bc712590a238ba,data/netlib/etamacro.mps,netlib,LP,holdout,0,cold,ok,1,60.0,3340.27,3337.585153,Optimal,true,optimality_witness_checked,-755.7152333749134,-755.7152333749134,0,1,1767,6896,,,pass,3.410605e-13,stderr=markov-cero 0.5.2 Optimal [LP -> primal] VERIFIED
bench04-2026-10-03,2026-10-02,build/markov-cero-solve,8867a84cd95166837fc3c4a6090110f2f613c69f2e7a183fb0bc712590a238ba,data/netlib/bore3d.mps,netlib,LP,holdout,1,warm,ok,1,60.0,166.037,163.910714,Optimal,true,optimality_witness_checked,1373.0803942084926,1373.0803942084926,0,1,301,5880,,,pass,2.728484e-12,stderr=markov-cero 0.5.2 Optimal [LP -> primal] VERIFIED
bench04-2026-10-03,2026-10-02,build/markov-cero-solve,8867a84cd95166837fc3c4a6090110f2f613c69f2e7a183fb0bc712590a238ba,data/netlib/scsd1.mps,netlib,LP,tune,1,warm,ok,1,60.0,193.332,190.813575,Optimal,true,optimality_witness_checked,8.666666674333364,8.666666674333364,0,1,974,6068,,,pass,2.220446e-16,stderr=markov-cero 0.5.2 Optimal [LP -> primal] VERIFIED
bench04-2026-10-03,2026-10-02,build/markov-cero-solve,8867a84cd95166837fc3c4a6090110f2f613c69f2e7a183fb0bc712590a238ba,data/netlib/blend.mps,netlib,LP,train,1,warm,ok,1,60.0,30.899,23.51593,Optimal,true,optimality_witness_checked,-30.812149845828234,-30.812149845828234,0,1,143,5372,,,pass,1.421085e-14,stderr=markov-cero 0.5.2 Optimal [LP -> primal] VERIFIED
bench04-2026-10-03,2026-10-02,build/markov-cero-solve,8867a84cd95166837fc3c4a6090110f2f613c69f2e7a183fb0bc712590a238ba,data/netlib/e226.mps,netlib,LP,holdout,1,warm,ok,1,60.0,542.053,539.941511,Optimal,true,optimality_witness_checked,-25.864929066370514,-25.864929066370514,0,1,705,6272,,,pass,3.907985e-14,stderr=markov-cero 0.5.2 Optimal [LP -> primal] VERIFIED
bench04-2026-10-03,2026-10-02,build/markov-cero-solve,8867a84cd95166837fc3c4a6090110f2f613c69f2e7a183fb0bc712590a238ba,data/netlib/scsd6.mps,netlib,LP,train,1,warm,ok,1,60.0,488.225,485.060664,Optimal,true,optimality_witness_checked,50.50000007714434,50.50000007714434,0,1,1095,6920,,,pass,2.220446e-16,stderr=markov-cero 0.5.2 Optimal [LP -> primal] VERIFIED
bench04-2026-10-03,2026-10-02,build/markov-cero-solve,8867a84cd95166837fc3c4a6090110f2f613c69f2e7a183fb0bc712590a238ba,data/netlib/grow7.mps,netlib,LP,train,1,warm,ok,1,60.0,1753.467,1749.080004,Optimal,true,optimality_witness_checked,-47787811.8147115,-47787811.8147115,0,1,806,7328,,,pass,2.328306e-10,stderr=markov-cero 0.5.2 Optimal [LP -> primal] VERIFIED
bench04-2026-10-03,2026-10-02,build/markov-cero-solve,8867a84cd95166837fc3c4a6090110f2f613c69f2e7a183fb0bc712590a238ba,data/netlib/etamacro.mps,netlib,LP,holdout,1,warm,ok,1,60.0,3490.458,3487.390762,Optimal,true,optimality_witness_checked,-755.7152333749134,-755.7152333749134,0,1,1767,7008,,,pass,3.410605e-13,stderr=markov-cero 0.5.2 Optimal [LP -> primal] VERIFIED
bench04-2026-10-03,2026-10-02,build/markov-cero-solve,8867a84cd95166837fc3c4a6090110f2f613c69f2e7a183fb0bc712590a238ba,data/netlib/bore3d.mps,netlib,LP,holdout,2,warm,ok,1,60.0,167.965,165.077274,Optimal,true,optimality_witness_checked,1373.0803942084926,1373.0803942084926,0,1,301,6800,,,pass,2.728484e-12,stderr=markov-cero 0.5.2 Optimal [LP -> primal] VERIFIED
bench04-2026-10-03,2026-10-02,build/markov-cero-solve,8867a84cd95166837fc3c4a6090110f2f613c69f2e7a183fb0bc712590a238ba,data/netlib/scsd1.mps,netlib,LP,tune,2,warm,ok,1,60.0,172.572,169.832871,Optimal,true,optimality_witness_checked,8.666666674333364,8.666666674333364,0,1,974,6076,,,pass,2.220446e-16,stderr=markov-cero 0.5.2 Optimal [LP -> primal] VERIFIED
bench04-2026-10-03,2026-10-02,build/markov-cero-solve,8867a84cd95166837fc3c4a6090110f2f613c69f2e7a183fb0bc712590a238ba,data/netlib/blend.mps,netlib,LP,train,2,warm,ok,1,60.0,30.806,28.466917,Optimal,true,optimality_witness_checked,-30.812149845828234,-30.812149845828234,0,1,143,5980,,,pass,1.421085e-14,stderr=markov-cero 0.5.2 Optimal [LP -> primal] VERIFIED
bench04-2026-10-03,2026-10-02,build/markov-cero-solve,8867a84cd95166837fc3c4a6090110f2f613c69f2e7a183fb0bc712590a238ba,data/netlib/e226.mps,netlib,LP,holdout,2,warm,ok,1,60.0,569.43,567.161021,Optimal,true,optimality_witness_checked,-25.864929066370514,-25.864929066370514,0,1,705,6592,,,pass,3.907985e-14,stderr=markov-cero 0.5.2 Optimal [LP -> primal] VERIFIED
bench04-2026-10-03,2026-10-02,build/markov-cero-solve,8867a84cd95166837fc3c4a6090110f2f613c69f2e7a183fb0bc712590a238ba,data/netlib/scsd6.mps,netlib,LP,train,2,warm,ok,1,60.0,519.458,515.655589,Optimal,true,optimality_witness_checked,50.50000007714434,50.50000007714434,0,1,1095,6996,,,pass,2.220446e-16,stderr=markov-cero 0.5.2 Optimal [LP -> primal] VERIFIED
bench04-2026-10-03,2026-10-02,build/markov-cero-solve,8867a84cd95166837fc3c4a6090110f2f613c69f2e7a183fb0bc712590a238ba,data/netlib/grow7.mps,netlib,LP,train,2,warm,ok,1,60.0,1675.68,1673.323236,Optimal,true,optimality_witness_checked,-47787811.8147115,-47787811.8147115,0,1,806,7072,,,pass,2.328306e-10,stderr=markov-cero 0.5.2 Optimal [LP -> primal] VERIFIED
bench04-2026-10-03,2026-10-02,build/markov-cero-solve,8867a84cd95166837fc3c4a6090110f2f613c69f2e7a183fb0bc712590a238ba,data/netlib/etamacro.mps,netlib,LP,holdout,2,warm,ok,1,60.0,3540.851,3538.032779,Optimal,true,optimality_witness_checked,-755.7152333749134,-755.7152333749134,0,1,1767,7252,,,pass,3.410605e-13,stderr=markov-cero 0.5.2 Optimal [LP -> primal] VERIFIED
bench04-2026-10-03,2026-10-02,build/markov-cero-solve,8867a84cd95166837fc3c4a6090110f2f613c69f2e7a183fb0bc712590a238ba,data/netlib/scsd1.mps,netlib,LP,tune,3,warm,ok,1,60.0,167.389,165.356976,Optimal,true,optimality_witness_checked,8.666666674333364,8.666666674333364,0,1,974,5940,,,pass,2.220446e-16,stderr=markov-cero 0.5.2 Optimal [LP -> primal] VERIFIED
bench04-2026-10-03,2026-10-02,build/markov-cero-solve,8867a84cd95166837fc3c4a6090110f2f613c69f2e7a183fb0bc712590a238ba,data/netlib/bore3d.mps,netlib,LP,holdout,3,warm,ok,1,60.0,193.779,191.377866,Optimal,true,optimality_witness_checked,1373.0803942084926,1373.0803942084926,0,1,301,6648,,,pass,2.728484e-12,stderr=markov-cero 0.5.2 Optimal [LP -> primal] VERIFIED
bench04-2026-10-03,2026-10-02,build/markov-cero-solve,8867a84cd95166837fc3c4a6090110f2f613c69f2e7a183fb0bc712590a238ba,data/netlib/blend.mps,netlib,LP,train,3,warm,ok,1,60.0,31.678,29.352413,Optimal,true,optimality_witness_checked,-30.812149845828234,-30.812149845828234,0,1,143,5428,,,pass,1.421085e-14,stderr=markov-cero 0.5.2 Optimal [LP -> primal] VERIFIED
bench04-2026-10-03,2026-10-02,build/markov-cero-solve,8867a84cd95166837fc3c4a6090110f2f613c69f2e7a183fb0bc712590a238ba,data/netlib/e226.mps,netlib,LP,holdout,3,warm,ok,1,60.0,540.032,537.525302,Optimal,true,optimality_witness_checked,-25.864929066370514,-25.864929066370514,0,1,705,6960,,,pass,3.907985e-14,stderr=markov-cero 0.5.2 Optimal [LP -> primal] VERIFIED
bench04-2026-10-03,2026-10-02,build/markov-cero-solve,8867a84cd95166837fc3c4a6090110f2f613c69f2e7a183fb0bc712590a238ba,data/netlib/scsd6.mps,netlib,LP,train,3,warm,ok,1,60.0,506.376,503.386142,Optimal,true,optimality_witness_checked,50.50000007714434,50.50000007714434,0,1,1095,6864,,,pass,2.220446e-16,stderr=markov-cero 0.5.2 Optimal [LP -> primal] VERIFIED
bench04-2026-10-03,2026-10-02,build/markov-cero-solve,8867a84cd95166837fc3c4a6090110f2f613c69f2e7a183fb0bc712590a238ba,data/netlib/grow7.mps,netlib,LP,train,3,warm,ok,1,60.0,1723.085,1720.387884,Optimal,true,optimality_witness_checked,-47787811.8147115,-47787811.8147115,0,1,806,7192,,,pass,2.328306e-10,stderr=markov-cero 0.5.2 Optimal [LP -> primal] VERIFIED
bench04-2026-10-03,2026-10-02,build/markov-cero-solve,8867a84cd95166837fc3c4a6090110f2f613c69f2e7a183fb0bc712590a238ba,data/netlib/etamacro.mps,netlib,LP,holdout,3,warm,ok,1,60.0,3495.039,3492.195199,Optimal,true,optimality_witness_checked,-755.7152333749134,-755.7152333749134,0,1,1767,7196,,,pass,3.410605e-13,stderr=markov-cero 0.5.2 Optimal [LP -> primal] VERIFIED
bench04-2026-10-03,2026-10-02,build/markov-cero-solve,8867a84cd95166837fc3c4a6090110f2f613c69f2e7a183fb0bc712590a238ba,data/netlib/bore3d.mps,netlib,LP,holdout,4,warm,ok,1,60.0,170.414,168.111723,Optimal,true,optimality_witness_checked,1373.0803942084926,1373.0803942084926,0,1,301,6420,,,pass,2.728484e-12,stderr=markov-cero 0.5.2 Optimal [LP -> primal] VERIFIED
bench04-2026-10-03,2026-10-02,build/markov-cero-solve,8867a84cd95166837fc3c4a6090110f2f613c69f2e7a183fb0bc712590a238ba,data/netlib/scsd1.mps,netlib,LP,tune,4,warm,ok,1,60.0,179.323,177.006339,Optimal,true,optimality_witness_checked,8.666666674333364,8.666666674333364,0,1,974,6196,,,pass,2.220446e-16,stderr=markov-cero 0.5.2 Optimal [LP -> primal] VERIFIED
bench04-2026-10-03,2026-10-02,build/markov-cero-solve,8867a84cd95166837fc3c4a6090110f2f613c69f2e7a183fb0bc712590a238ba,data/netlib/blend.mps,netlib,LP,train,4,warm,ok,1,60.0,24.531,22.118004,Optimal,true,optimality_witness_checked,-30.812149845828234,-30.812149845828234,0,1,143,5888,,,pass,1.421085e-14,stderr=markov-cero 0.5.2 Optimal [LP -> primal] VERIFIED
bench04-2026-10-03,2026-10-02,build/markov-cero-solve,8867a84cd95166837fc3c4a6090110f2f613c69f2e7a183fb0bc712590a238ba,data/netlib/e226.mps,netlib,LP,holdout,4,warm,ok,1,60.0,546.367,543.785087,Optimal,true,optimality_witness_checked,-25.864929066370514,-25.864929066370514,0,1,705,6592,,,pass,3.907985e-14,stderr=markov-cero 0.5.2 Optimal [LP -> primal] VERIFIED
bench04-2026-10-03,2026-10-02,build/markov-cero-solve,8867a84cd95166837fc3c4a6090110f2f613c69f2e7a183fb0bc712590a238ba,data/netlib/scsd6.mps,netlib,LP,train,4,warm,ok,1,60.0,500.088,496.423088,Optimal,true,optimality_witness_checked,50.50000007714434,50.50000007714434,0,1,1095,7176,,,pass,2.220446e-16,stderr=markov-cero 0.5.2 Optimal [LP -> primal] VERIFIED
bench04-2026-10-03,2026-10-02,build/markov-cero-solve,8867a84cd95166837fc3c4a6090110f2f613c69f2e7a183fb0bc712590a238ba,data/netlib/grow7.mps,netlib,LP,train,4,warm,ok,1,60.0,1794.832,1792.261787,Optimal,true,optimality_witness_checked,-47787811.8147115,-47787811.8147115,0,1,806,7080,,,pass,2.328306e-10,stderr=markov-cero 0.5.2 Optimal [LP -> primal] VERIFIED
bench04-2026-10-03,2026-10-02,build/markov-cero-solve,8867a84cd95166837fc3c4a6090110f2f613c69f2e7a183fb0bc712590a238ba,data/netlib/etamacro.mps,netlib,LP,holdout,4,warm,ok,1,60.0,3587.544,3584.74987,Optimal,true,optimality_witness_checked,-755.7152333749134,-755.7152333749134,0,1,1767,6944,,,pass,3.410605e-13,stderr=markov-cero 0.5.2 Optimal [LP -> primal] VERIFIED
