id,finding,severity,kind,status,validation,implementation,scope_and_remaining_work,source,owner
IR-01,MPS marker lower-bound overrides,critical,defect,closed,mps_parser; readiness_correctness,src/io/mps_records.cpp,Supported dialect fixtures pass; affected historical benchmark rows remain historical.,"docs/audit/INDUSTRY-READINESS-IMPLEMENTATION-PLAN.md, section 6, item 1",Project maintainer; external release review pending
IR-02,MPS/LP input semantics and unsupported engine combinations,high,defect,closed,mps_parser; lp_parser; readiness_edge_cases,src/io/lp_parser.cpp,Strict supported syntax; LP engine cannot silently discard a quadratic/nonlinear objective.,"docs/audit/INDUSTRY-READINESS-IMPLEMENTATION-PLAN.md, section 6, item 2",Project maintainer; external release review pending
IR-03,Global RHS tolerance in node certification,critical,defect,closed,readiness_correctness; multiperiod,src/verify/reference_lp_verifier.cpp,Local backward-error checks and refined sparse basis dual solves.,"docs/audit/INDUSTRY-READINESS-IMPLEMENTATION-PLAN.md, section 6, item 3",Project maintainer; external release review pending
IR-04,Inconsistent LP certificate/objective checks,critical,defect,closed,reference_lp_verifier; api_test,src/verify/linear_certificate.cpp,Original-space objective and primal/dual gates.,"docs/audit/INDUSTRY-READINESS-IMPLEMENTATION-PLAN.md, section 6, item 4",Project maintainer; external release review pending
IR-05,QP dual side and complementarity checks,critical,defect,closed,qp; readiness_correctness,src/qp/verifier.cpp,Side-aware finite KKT witnesses.,"docs/audit/INDUSTRY-READINESS-IMPLEMENTATION-PLAN.md, section 6, item 5",Project maintainer; external release review pending
IR-06,Uncertain PSD classification and MIQP node bounds,critical,defect,closed,qp; mip_proof,src/qp/supporting_bound.cpp,Indeterminate curvature fails closed; convex node witnesses use supporting bounds.,"docs/audit/INDUSTRY-READINESS-IMPLEMENTATION-PLAN.md, section 6, item 6",Project maintainer; external release review pending
IR-07,Approximate PDLP results labelled globally verified,critical,defect,closed,pdlp; readiness_correctness; readiness_edge_cases,src/api/engine_pdlp.cpp,Feasible/optimal separated; degenerate box objective fixed.,"docs/audit/INDUSTRY-READINESS-IMPLEMENTATION-PLAN.md, section 6, item 7",Project maintainer; external release review pending
IR-08,MIP nonzero-gap status and fabricated bounds,critical,defect,closed,milp; parallel_tree_search,src/milp/search_finish.cpp,GapSatisfied distinct; no large-bound substitution.,"docs/audit/INDUSTRY-READINESS-IMPLEMENTATION-PLAN.md, section 6, item 8",Project maintainer; external release review pending
IR-09,Missing independent MIP tree verification,critical,defect,closed,mip_proof; repository_tools,src/verify/mip_proof.cpp,Numerical cut-free replay supports linear MILP and convex MIQP; exhausted proof budgets remain unverified. OA is outside this proof format.,"docs/audit/INDUSTRY-READINESS-IMPLEMENTATION-PLAN.md, section 6, item 9",Project maintainer; external release review pending
IR-10,Unsupported infeasibility/unboundedness claims,critical,defect,closed,reference_lp_verifier; qp; readiness_edge_cases,src/qp/certificates.cpp,Certificates required for verified claims; solver-trusted statuses remain explicitly unverified.,"docs/audit/INDUSTRY-READINESS-IMPLEMENTATION-PLAN.md, section 6, item 10",Project maintainer; external release review pending
IR-11,Unjustified EXPAND termination claim,high,defect,closed,primal_simplex; regression_simplex_scale200_pricing,src/lp/reference/revised_simplex_iteration.cpp,Minimum-ratio feasibility and Bland fallback; no EXPAND claim.,"docs/audit/INDUSTRY-READINESS-IMPLEMENTATION-PLAN.md, section 6, item 11",Project maintainer; external release review pending
IR-12,Disabled scale-200 numerical regression,high,defect,closed,regression_simplex_scale200_pricing,tests/fixtures/scale_200.mps,Enabled default gate with tracked input.,"docs/audit/INDUSTRY-READINESS-IMPLEMENTATION-PLAN.md, section 6, item 12",Project maintainer; external release review pending
IR-13,FCC production without feed consumption,critical,defect,closed,refinery_domain_and_iis; cli_public_fawley,src/refinery/refinery_model.cpp,Synthetic qualification feed balance corrected; operational mass-balance approval remains gate G34.,"docs/audit/INDUSTRY-READINESS-IMPLEMENTATION-PLAN.md, section 6, item 13",Project maintainer; external release review pending
IR-14,Silently unenforced refinery quality inputs,critical,defect,closed,refinery_domain_and_iis,src/refinery/refinery_model.cpp,Unsupported specifications rejected; historical/synthetic unit bases disclosed. This is not a plant model.,"docs/audit/INDUSTRY-READINESS-IMPLEMENTATION-PLAN.md, section 6, item 14",Project maintainer; external release review pending
IR-15,Pooling result without nonlinear residual checks,high,defect,closed,pooling,src/refinery/pooling_slp.cpp,Original nonlinear residuals and local/heuristic interpretation.,"docs/audit/INDUSTRY-READINESS-IMPLEMENTATION-PLAN.md, section 6, item 15",Project maintainer; external release review pending
IR-16,Unnamed results and missing row/dual output,medium,defect,closed,api_test; json_records; Python wheel tests,src/api/dispatch.cpp,"Named variables/rows, activities/slacks and supported multipliers exposed.","docs/audit/INDUSTRY-READINESS-IMPLEMENTATION-PLAN.md, section 6, item 16",Project maintainer; external release review pending
IR-17,Conflict analysis unavailable and inconclusive trials misclassified,high,defect,closed,readiness_edge_cases; refinery_domain_and_iis,apps/markov_cero_iis.cpp,"CLI reports certified row conflicts relative to unchanged variable bounds; incomplete trials remain incomplete, not full bound-minimal IIS claims.","docs/audit/INDUSTRY-READINESS-IMPLEMENTATION-PLAN.md, section 6, item 17",Project maintainer; external release review pending
IR-18,Dense reference/node LP storage and pricing cliff,high,defect,closed,three large domain cases; sparse_basis,src/lp/reference/revised_simplex_workspace.cpp,"Sparse columns, pricing and basis assembly; small dense warm-start adapter remains bounded.","docs/audit/INDUSTRY-READINESS-IMPLEMENTATION-PLAN.md, section 6, item 18",Project maintainer; external release review pending
IR-19,Full model copies and lack of immutable node views,high,defect,closed,milp; parallel_tree_search; reference_materialisation; node_view_reference_identity; node_frontier_memory_benchmark; solve_frontier_memory_benchmark,src/milp/search_node_relaxation.cpp; src/milp/reference_materialisation.cpp; scripts/bench_node_frontier_memory.cpp; scripts/bench_solve_frontier_memory.cpp,"W01 acceptance closed with measured evidence: bounded reference replay agrees with production on randomized chains, push/pop reversibility, sibling isolation and original-space certificate identity; root, worker and queue storage measured as distinct classes; queue bytes independent of matrix fill in synthetic and full-solver runs; materialized baseline retained only as a bounded measurement oracle. Remaining by design and excluded from this closure: serial node-model workspace, per-worker bound overlays and sparse-PDLP fallback materialization (worker class); transient ~1 GiB RSS anomaly recorded in evidence/ir19-w01-memory-20260928.json and handed to IR-21 follow-up.","docs/audit/INDUSTRY-READINESS-IMPLEMENTATION-PLAN.md, section 6, item 19",Project maintainer; external release review pending
IR-20,Deadline gaps in indivisible preprocessing/callback work,high,defect,open,readiness_correctness; readiness_edge_cases,"Solve-wide deadline now propagated through engines, verifiers and parallel workers with sticky stop reasons; checks stay cooperative between iterations, indivisible kernels (factorization, root relaxation, callbacks) still overrun, and hard end-to-end bounds are unproven (evidence/resource-envelope-20260928.json).","Proof/QP/GPU deadlines propagated, but not all canonicalization, cut, callback or factorization units are preemptible; hard end-to-end bounds are unproven.","docs/audit/INDUSTRY-READINESS-IMPLEMENTATION-PLAN.md, section 6, item 20",Project maintainer; external release review pending
IR-21,Incomplete solve-wide memory/fill budgets,high,defect,open,sparse_basis; qp; bounded parser tests,"Instrumented charge-point metering with fail-closed refusals now exists (resource_limit/memory_budget across engines and workers); device-buffer allocations are now metered by the solve-scoped DeviceBudget (resource_limit/device_memory_budget_exhausted, evidence/device-memory-budget-2026-10-03.json); it is not a hard RSS ceiling, does not yet account every allocation or factor-fill byte, and does not bound physical device memory (no cudaMemGetInfo, contexts/streams unmanaged; evidence/resource-envelope-20260928.json).",Sparse/fill/parser/proof caps exist; there is no uniform solve-wide allocation budget or large adversarial peak-memory evidence.,"docs/audit/INDUSTRY-READINESS-IMPLEMENTATION-PLAN.md, section 6, item 21",Project maintainer; external release review pending
IR-22,Default CTest depends on ignored Python environments,high,defect,closed,fresh Release ML build 80/80; Debug CPU suite,cmake/Tests.cmake,Optional Python/oracles explicitly configured.,"docs/audit/INDUSTRY-READINESS-IMPLEMENTATION-PLAN.md, section 6, item 22",Project maintainer; external release review pending
IR-23,CUDA CI can silently fall back and optional ML not compiled,high,defect,closed,fresh ML build; explicit CUDA configure guard inspection,CMakeLists.txt,Explicit CUDA missing compiler is fatal; CI asserts actual .cu/nvcc compilation. Hosted CUDA execution remains an unrun release gate.,"docs/audit/INDUSTRY-READINESS-IMPLEMENTATION-PLAN.md, section 6, item 23",Project maintainer; external release review pending
IR-24,Missing consumer CMake package exports,high,defect,closed,installed-prefix external CMake consumer,cmake/Install.cmake,Consumer independently links and replays an exported MIP proof.,"docs/audit/INDUSTRY-READINESS-IMPLEMENTATION-PLAN.md, section 6, item 24",Project maintainer; external release review pending
IR-25,Process-global debug hooks and library stderr,medium,defect,closed,source scan; ml_branching,src/milp/search_initialize.cpp,No library getenv/debug stderr; ML model/log paths are per-solve options. CLI environment compatibility remains caller-side.,"docs/audit/INDUSTRY-READINESS-IMPLEMENTATION-PLAN.md, section 6, item 25",Project maintainer; external release review pending
IR-26,Maintained files exceed 300 physical lines,medium,defect,closed,source_limits,scripts/check_source_limits.py,"No maintained-source exemptions; includes comments/blank lines, tests and build tools.","docs/audit/INDUSTRY-READINESS-IMPLEMENTATION-PLAN.md, section 6, item 26",Project maintainer; external release review pending
IR-27,Adversarial parser/buffer bounds missing,high,defect,closed,mps_fuzz_smoke; model_properties; readiness_edge_cases; repository_tools,src/io/lp_parser.cpp,MPS/NLOBJ structural limits; LP bytes/lines/tokens/ASCII/trailing-data checks; bounded ONNX/proof/cache reads. Fuzz tests are not exhaustive security certification.,"docs/audit/INDUSTRY-READINESS-IMPLEMENTATION-PLAN.md, section 6, item 27",Project maintainer; external release review pending
IR-28,GPU QP x-update absent,medium,capability_gate,open,historical GPU measurements,STATUS.md,GPU residual product only; no advertised full-device ADMM or speedup. Optional implementation remains future capability.,"docs/audit/INDUSTRY-READINESS-IMPLEMENTATION-PLAN.md, section 6, item 28",Project maintainer; external release review pending
IR-29,Invalid deployed ML artifact,high,defect,closed,ml_branching; withdrawn-artifact.json,evidence/ml_models/withdrawn-artifact.json,Invalid private-format blob withdrawn and hash preserved. No trained model promoted; instance-disjoint training/parity/benefit remain capability gates.,"docs/audit/INDUSTRY-READINESS-IMPLEMENTATION-PLAN.md, section 6, item 29",Project maintainer; external release review pending
IR-30,Unequal benchmark timing/attempt budgets,medium,defect,closed,five-solver afiro process smoke,scripts/support/oracle_process.py,"One process per sample with matched wall boundaries, caps and threads; default sequential comparison. Historical short-cap runs remain diagnostic, broad performance claims remain gate G35.","docs/audit/INDUSTRY-READINESS-IMPLEMENTATION-PLAN.md, section 6, item 30",Project maintainer; external release review pending
IR-31,Large tracked optional benchmark corpus,medium,defect,closed,repository_tools; repository-slimming.json,scripts/datasets.py,"227 optional files use source/size/SHA manifest, offline cache and explicit restore; history is unchanged.","docs/audit/INDUSTRY-READINESS-IMPLEMENTATION-PLAN.md, section 6, item 31",Project maintainer; external release review pending
IR-32,Stale current documentation and dead links,medium,defect,closed,check_docs; readiness-checkpoint.json,README.md,Current status updated; historical evidence retained as historical.,"docs/audit/INDUSTRY-READINESS-IMPLEMENTATION-PLAN.md, section 6, item 32",Project maintainer; external release review pending
IR-33,"Release supply-chain, support and versioning acceptance",high,capability_gate,open,local source/binary manifests only,docs/governance/provenance-and-verification.md,"Release SBOM/vulnerability review, clean committed release, support ownership and hosted sanitizer/CUDA evidence remain required.","docs/audit/INDUSTRY-READINESS-IMPLEMENTATION-PLAN.md, section 6, item 33",Project maintainer; external release review pending
IR-34,No refinery engineer approval or shadow pilot,critical,capability_gate,open,public Fawley qualification only,PROVENANCE.md,Public data cannot substitute for refinery engineering approval and an operational shadow pilot.,"docs/audit/INDUSTRY-READINESS-IMPLEMENTATION-PLAN.md, section 6, item 34",Project maintainer; external release review pending
IR-35,Broad cut/parallel/commercial performance claims unproven,medium,capability_gate,open,historical comparisons; current one-case smoke only,STATUS.md,"Do not infer speedup, vendor parity or broad scaling from local tests.","docs/audit/INDUSTRY-READINESS-IMPLEMENTATION-PLAN.md, section 6, item 35",Project maintainer; external release review pending
IR-36,Python packaging and buffer ownership uncertainty,high,defect,closed,installed-wheel Python tests,setup.py,Owned input copies and adopted output vectors documented; isolated core build always relinks extension to prevent stale archive reuse.,"docs/audit/INDUSTRY-READINESS-IMPLEMENTATION-PLAN.md, section 6, item 36",Project maintainer; external release review pending
