instance,COPT,FiberSCIP-cpx,HiGHS,HiGHSp,optverse,SCIP-spx,SCIP-conc,url,accessed
p_30n20b8,4,128,597,313,53,449,78,https://plato.asu.edu/ftp/milp_tables/12threads.res,2026-09-27
p_50v-10,512,6274,timeout,2086,997,timeout,timeout,https://plato.asu.edu/ftp/milp_tables/12threads.res,2026-09-27
p_academictimetablesmall,55,timeout,5553,5111,494,timeout,timeout,https://plato.asu.edu/ftp/milp_tables/12threads.res,2026-09-27
p_air05,5,6,25,25,17,28,25,https://plato.asu.edu/ftp/milp_tables/12threads.res,2026-09-27
p_app1-1,6,2,19,14,1,3,1,https://plato.asu.edu/ftp/milp_tables/12threads.res,2026-09-27
p_app1-2,165,295,3540,453,68,100,70,https://plato.asu.edu/ftp/milp_tables/12threads.res,2026-09-27
p_assign1-5-8,timeout,timeout,timeout,1927,1417,2903,4123,https://plato.asu.edu/ftp/milp_tables/12threads.res,2026-09-27
p_atlanta-ip,221,1896,timeout,3506,1721,timeout,5962,https://plato.asu.edu/ftp/milp_tables/12threads.res,2026-09-27
p_b1c1s1,1664,timeout,timeout,6365,timeout,timeout,timeout,https://plato.asu.edu/ftp/milp_tables/12threads.res,2026-09-27
p_bab2,timeout,timeout,timeout,timeout,timeout,timeout,timeout,https://plato.asu.edu/ftp/milp_tables/12threads.res,2026-09-27
p_bab6,timeout,timeout,timeout,timeout,timeout,timeout,timeout,https://plato.asu.edu/ftp/milp_tables/12threads.res,2026-09-27
p_beasleyC3,1,6,21,16,6,14,10,https://plato.asu.edu/ftp/milp_tables/12threads.res,2026-09-27
p_binkar10_1,3,17,24,10,5,22,16,https://plato.asu.edu/ftp/milp_tables/12threads.res,2026-09-27
p_blp-ar98,169,5384,2610,1085,412,timeout,timeout,https://plato.asu.edu/ftp/milp_tables/12threads.res,2026-09-27
p_blp-ic98,87,3286,1008,700,278,timeout,2476,https://plato.asu.edu/ftp/milp_tables/12threads.res,2026-09-27
p_bnatt400,2,80,1293,258,56,168,7,https://plato.asu.edu/ftp/milp_tables/12threads.res,2026-09-27
p_bnatt500,8,277,6994,1549,186,578,36,https://plato.asu.edu/ftp/milp_tables/12threads.res,2026-09-27
p_bppc4-08,timeout,1136,timeout,timeout,345,1899,1979,https://plato.asu.edu/ftp/milp_tables/12threads.res,2026-09-27
p_brazil3,62,1042,1909,689,234,timeout,3900,https://plato.asu.edu/ftp/milp_tables/12threads.res,2026-09-27
p_buildingenergy,286,timeout,timeout,timeout,timeout,timeout,timeout,https://plato.asu.edu/ftp/milp_tables/12threads.res,2026-09-27
p_cbs-cta,1,3,57,139,1,19,6,https://plato.asu.edu/ftp/milp_tables/12threads.res,2026-09-27
p_chromaticindex1024-7,1,abort,timeout,timeout,14,timeout,6177,https://plato.asu.edu/ftp/milp_tables/12threads.res,2026-09-27
p_chromaticindex512-7,1,abort,3822,3528,2,5701,686,https://plato.asu.edu/ftp/milp_tables/12threads.res,2026-09-27
p_cmflsp50-24-8-8,1827,2680,6370,3253,timeout,timeout,timeout,https://plato.asu.edu/ftp/milp_tables/12threads.res,2026-09-27
p_CMS750_4,45,2752,1149,1064,24,234,201,https://plato.asu.edu/ftp/milp_tables/12threads.res,2026-09-27
p_co-100,179,1033,timeout,3812,2474,3495,2700,https://plato.asu.edu/ftp/milp_tables/12threads.res,2026-09-27
p_cod105,20,140,86,90,1,timeout,timeout,https://plato.asu.edu/ftp/milp_tables/12threads.res,2026-09-27
p_comp07-2idx,2,2197,1707,1206,21,timeout,844,https://plato.asu.edu/ftp/milp_tables/12threads.res,2026-09-27
p_comp21-2idx,2497,timeout,timeout,timeout,4256,timeout,timeout,https://plato.asu.edu/ftp/milp_tables/12threads.res,2026-09-27
p_cost266-UUE,396,2562,2289,1254,496,2061,1449,https://plato.asu.edu/ftp/milp_tables/12threads.res,2026-09-27
p_cryptanalysiskb128n5obj14,4151,2791,3145,1442,1378,timeout,timeout,https://plato.asu.edu/ftp/milp_tables/12threads.res,2026-09-27
p_cryptanalysiskb128n5obj16,389,1877,3342,2318,1250,6736,timeout,https://plato.asu.edu/ftp/milp_tables/12threads.res,2026-09-27
p_csched007,267,1177,738,206,162,1263,886,https://plato.asu.edu/ftp/milp_tables/12threads.res,2026-09-27
p_csched008,14,355,246,timeout,28,336,129,https://plato.asu.edu/ftp/milp_tables/12threads.res,2026-09-27
p_cvs16r128-89,timeout,timeout,timeout,timeout,abort,timeout,timeout,https://plato.asu.edu/ftp/milp_tables/12threads.res,2026-09-27
p_dano3_3,19,37,57,58,16,84,56,https://plato.asu.edu/ftp/milp_tables/12threads.res,2026-09-27
p_dano3_5,37,79,407,252,580,171,160,https://plato.asu.edu/ftp/milp_tables/12threads.res,2026-09-27
p_decomp2,1,3,4,4,1,5,3,https://plato.asu.edu/ftp/milp_tables/12threads.res,2026-09-27
p_drayage-100-23,1,4,1,1,1,5,3,https://plato.asu.edu/ftp/milp_tables/12threads.res,2026-09-27
p_drayage-25-23,1,6,2,2,1,8,10,https://plato.asu.edu/ftp/milp_tables/12threads.res,2026-09-27
p_dws008-01,4294,7159,timeout,4438,4166,timeout,timeout,https://plato.asu.edu/ftp/milp_tables/12threads.res,2026-09-27
p_eil33-2,21,16,75,76,13,44,22,https://plato.asu.edu/ftp/milp_tables/12threads.res,2026-09-27
p_eilA101-2,1942,7136,timeout,abort,1375,timeout,6629,https://plato.asu.edu/ftp/milp_tables/12threads.res,2026-09-27
p_enlight_hard,1,1,11,7,1,1,1,https://plato.asu.edu/ftp/milp_tables/12threads.res,2026-09-27
p_ex10,9,83,24,25,12,12,91,https://plato.asu.edu/ftp/milp_tables/12threads.res,2026-09-27
p_ex9,4,13,4,4,2,3,23,https://plato.asu.edu/ftp/milp_tables/12threads.res,2026-09-27
p_exp-1-500-5-5,1,2,3,3,1,2,2,https://plato.asu.edu/ftp/milp_tables/12threads.res,2026-09-27
p_fast0507,18,42,455,129,30,219,139,https://plato.asu.edu/ftp/milp_tables/12threads.res,2026-09-27
p_fastxgemm-n2r6s0t2,41,483,804,209,97,597,483,https://plato.asu.edu/ftp/milp_tables/12threads.res,2026-09-27
p_fhnw-binpack4-48,1,timeout,timeout,638,1,timeout,timeout,https://plato.asu.edu/ftp/milp_tables/12threads.res,2026-09-27
p_fhnw-binpack4-4,5,timeout,timeout,timeout,2,11,15,https://plato.asu.edu/ftp/milp_tables/12threads.res,2026-09-27
p_fiball,6,21,27,64,1,278,25,https://plato.asu.edu/ftp/milp_tables/12threads.res,2026-09-27
p_gen-ip002,160,332,1319,380,195,858,1289,https://plato.asu.edu/ftp/milp_tables/12threads.res,2026-09-27
p_gen-ip054,17,375,470,177,89,878,780,https://plato.asu.edu/ftp/milp_tables/12threads.res,2026-09-27
p_germanrr,timeout,timeout,timeout,timeout,timeout,timeout,timeout,https://plato.asu.edu/ftp/milp_tables/12threads.res,2026-09-27
p_gfd-schedulen180f7d50m30k18,40,timeout,timeout,timeout,1173,timeout,timeout,https://plato.asu.edu/ftp/milp_tables/12threads.res,2026-09-27
p_glass4,76,421,1181,312,abort,672,197,https://plato.asu.edu/ftp/milp_tables/12threads.res,2026-09-27
p_glass-sc,638,610,timeout,891,1233,1960,2241,https://plato.asu.edu/ftp/milp_tables/12threads.res,2026-09-27
p_gmu-35-40,71,3929,timeout,727,abort,timeout,timeout,https://plato.asu.edu/ftp/milp_tables/12threads.res,2026-09-27
p_gmu-35-50,1467,timeout,5352,1622,179,timeout,timeout,https://plato.asu.edu/ftp/milp_tables/12threads.res,2026-09-27
p_graph20-20-1rand,46,575,2015,444,398,timeout,timeout,https://plato.asu.edu/ftp/milp_tables/12threads.res,2026-09-27
p_graphdraw-domain,200,167,542,617,129,1275,375,https://plato.asu.edu/ftp/milp_tables/12threads.res,2026-09-27
p_h80x6320d,13,25,10,10,14,123,26,https://plato.asu.edu/ftp/milp_tables/12threads.res,2026-09-27
p_highschool1-aigio,156,abort,timeout,timeout,18,timeout,timeout,https://plato.asu.edu/ftp/milp_tables/12threads.res,2026-09-27
p_hypothyroid-k1,3,35,12,11,6,9,11,https://plato.asu.edu/ftp/milp_tables/12threads.res,2026-09-27
p_ic97_potential,1655,timeout,timeout,timeout,365,timeout,timeout,https://plato.asu.edu/ftp/milp_tables/12threads.res,2026-09-27
p_icir97_tension,289,1090,1781,1245,330,6163,581,https://plato.asu.edu/ftp/milp_tables/12threads.res,2026-09-27
p_irish-electricity,timeout,timeout,timeout,timeout,timeout,timeout,timeout,https://plato.asu.edu/ftp/milp_tables/12threads.res,2026-09-27
p_irp,3,8,16,16,8,14,11,https://plato.asu.edu/ftp/milp_tables/12threads.res,2026-09-27
p_istanbul-no-cutoff,39,115,510,128,90,54,67,https://plato.asu.edu/ftp/milp_tables/12threads.res,2026-09-27
p_k1mushroom,16,1342,400,401,52,235,314,https://plato.asu.edu/ftp/milp_tables/12threads.res,2026-09-27
p_lectsched-5-obj,15,timeout,timeout,timeout,timeout,timeout,timeout,https://plato.asu.edu/ftp/milp_tables/12threads.res,2026-09-27
p_leo1,201,1536,6011,1760,523,timeout,timeout,https://plato.asu.edu/ftp/milp_tables/12threads.res,2026-09-27
p_leo2,428,timeout,timeout,4983,2050,timeout,timeout,https://plato.asu.edu/ftp/milp_tables/12threads.res,2026-09-27
p_lotsize,642,4235,1339,773,211,timeout,timeout,https://plato.asu.edu/ftp/milp_tables/12threads.res,2026-09-27
p_mad,275,6763,timeout,5561,318,timeout,timeout,https://plato.asu.edu/ftp/milp_tables/12threads.res,2026-09-27
p_map10,87,402,1332,922,190,310,386,https://plato.asu.edu/ftp/milp_tables/12threads.res,2026-09-27
p_map16715-04,131,497,2349,1322,301,1184,851,https://plato.asu.edu/ftp/milp_tables/12threads.res,2026-09-27
p_markshare2,26,timeout,timeout,timeout,82,timeout,timeout,https://plato.asu.edu/ftp/milp_tables/12threads.res,2026-09-27
p_markshare_4_0,1,19,95,22,1,101,93,https://plato.asu.edu/ftp/milp_tables/12threads.res,2026-09-27
p_mas74,66,237,1110,352,124,1064,569,https://plato.asu.edu/ftp/milp_tables/12threads.res,2026-09-27
p_mas76,6,34,131,25,14,74,47,https://plato.asu.edu/ftp/milp_tables/12threads.res,2026-09-27
p_mc11,4,50,40,61,30,29,31,https://plato.asu.edu/ftp/milp_tables/12threads.res,2026-09-27
p_mcsched,31,122,354,122,20,140,87,https://plato.asu.edu/ftp/milp_tables/12threads.res,2026-09-27
p_mik-250-20-75-4,1,28,9,8,2,22,21,https://plato.asu.edu/ftp/milp_tables/12threads.res,2026-09-27
p_milo-v12-6-r2-40-1,184,3533,2122,264,1063,1775,1648,https://plato.asu.edu/ftp/milp_tables/12threads.res,2026-09-27
p_momentum1,timeout,abort,timeout,timeout,5881,timeout,timeout,https://plato.asu.edu/ftp/milp_tables/12threads.res,2026-09-27
p_mushroom-best,74,453,172,93,62,timeout,422,https://plato.asu.edu/ftp/milp_tables/12threads.res,2026-09-27
p_mzzv11,11,104,61,61,15,367,143,https://plato.asu.edu/ftp/milp_tables/12threads.res,2026-09-27
p_mzzv42z,9,74,31,31,8,133,79,https://plato.asu.edu/ftp/milp_tables/12threads.res,2026-09-27
p_n2seq36q,4,41,40,39,12,118,134,https://plato.asu.edu/ftp/milp_tables/12threads.res,2026-09-27
p_n3div36,80,1686,timeout,4071,1586,timeout,timeout,https://plato.asu.edu/ftp/milp_tables/12threads.res,2026-09-27
p_n5-3,3,12,21,20,10,38,22,https://plato.asu.edu/ftp/milp_tables/12threads.res,2026-09-27
p_neos-1122047,5,10,17,17,4,6,30,https://plato.asu.edu/ftp/milp_tables/12threads.res,2026-09-27
p_neos-1171448,1,7,52,200,1,24,10,https://plato.asu.edu/ftp/milp_tables/12threads.res,2026-09-27
p_neos-1171737,81,3484,4002,3764,timeout,timeout,338,https://plato.asu.edu/ftp/milp_tables/12threads.res,2026-09-27
p_neos-1354092,147,timeout,timeout,timeout,1503,timeout,timeout,https://plato.asu.edu/ftp/milp_tables/12threads.res,2026-09-27
p_neos-1445765,10,8,56,37,64,31,19,https://plato.asu.edu/ftp/milp_tables/12threads.res,2026-09-27
p_neos-1456979,56,129,152,77,204,709,219,https://plato.asu.edu/ftp/milp_tables/12threads.res,2026-09-27
p_neos-1582420,13,7,33,22,13,29,15,https://plato.asu.edu/ftp/milp_tables/12threads.res,2026-09-27
p_neos17,3,5,6,5,5,7,4,https://plato.asu.edu/ftp/milp_tables/12threads.res,2026-09-27
p_neos-2075418-temuka,27,abort,463,484,77,timeout,timeout,https://plato.asu.edu/ftp/milp_tables/12threads.res,2026-09-27
p_neos-2657525-crna,579,timeout,timeout,timeout,609,timeout,timeout,https://plato.asu.edu/ftp/milp_tables/12threads.res,2026-09-27
p_neos-2746589-doon,7,58,625,924,45,timeout,abort,https://plato.asu.edu/ftp/milp_tables/12threads.res,2026-09-27
p_neos-2978193-inde,16,14,17,31,6,timeout,timeout,https://plato.asu.edu/ftp/milp_tables/12threads.res,2026-09-27
p_neos-2987310-joes,6,15,5,5,4,13,9,https://plato.asu.edu/ftp/milp_tables/12threads.res,2026-09-27
p_neos-3004026-krka,2,timeout,1532,383,9,timeout,243,https://plato.asu.edu/ftp/milp_tables/12threads.res,2026-09-27
p_neos-3024952-loue,505,timeout,timeout,827,62,timeout,timeout,https://plato.asu.edu/ftp/milp_tables/12threads.res,2026-09-27
p_neos-3046615-murg,2,abort,timeout,abort,1,timeout,timeout,https://plato.asu.edu/ftp/milp_tables/12threads.res,2026-09-27
p_neos-3083819-nubu,2,4,25,7,4,6,5,https://plato.asu.edu/ftp/milp_tables/12threads.res,2026-09-27
p_neos-3216931-puriri,28,1542,578,346,2,4547,2610,https://plato.asu.edu/ftp/milp_tables/12threads.res,2026-09-27
p_neos-3381206-awhea,1,1,1,1,3,1,1,https://plato.asu.edu/ftp/milp_tables/12threads.res,2026-09-27
p_neos-3402294-bobin,43,501,127,225,9,2890,530,https://plato.asu.edu/ftp/milp_tables/12threads.res,2026-09-27
p_neos-3402454-bohle,timeout,abort,timeout,timeout,timeout,timeout,timeout,https://plato.asu.edu/ftp/milp_tables/12threads.res,2026-09-27
p_neos-3555904-turama,93,timeout,timeout,timeout,60,timeout,timeout,https://plato.asu.edu/ftp/milp_tables/12threads.res,2026-09-27
p_neos-3627168-kasai,58,35,73,149,28,76,73,https://plato.asu.edu/ftp/milp_tables/12threads.res,2026-09-27
p_neos-3656078-kumeu,timeout,96,timeout,timeout,1051,timeout,timeout,https://plato.asu.edu/ftp/milp_tables/12threads.res,2026-09-27
p_neos-3754480-nidda,4190,3724,timeout,timeout,601,timeout,timeout,https://plato.asu.edu/ftp/milp_tables/12threads.res,2026-09-27
p_neos-3988577-wolgan,238,1139,626,613,203,timeout,timeout,https://plato.asu.edu/ftp/milp_tables/12threads.res,2026-09-27
p_neos-4300652-rahue,51,timeout,timeout,timeout,72,timeout,timeout,https://plato.asu.edu/ftp/milp_tables/12threads.res,2026-09-27
p_neos-4338804-snowy,timeout,timeout,timeout,timeout,451,timeout,964,https://plato.asu.edu/ftp/milp_tables/12threads.res,2026-09-27
p_neos-4387871-tavua,191,timeout,timeout,6895,1169,timeout,timeout,https://plato.asu.edu/ftp/milp_tables/12threads.res,2026-09-27
p_neos-4413714-turia,26,4496,89,89,17,1158,200,https://plato.asu.edu/ftp/milp_tables/12threads.res,2026-09-27
p_neos-4532248-waihi,76,4851,6251,timeout,timeout,timeout,timeout,https://plato.asu.edu/ftp/milp_tables/12threads.res,2026-09-27
p_neos-4647030-tutaki,24,timeout,timeout,timeout,timeout,timeout,timeout,https://plato.asu.edu/ftp/milp_tables/12threads.res,2026-09-27
p_neos-4722843-widden,15,303,168,242,28,616,373,https://plato.asu.edu/ftp/milp_tables/12threads.res,2026-09-27
p_neos-4738912-atrato,47,138,400,126,148,717,99,https://plato.asu.edu/ftp/milp_tables/12threads.res,2026-09-27
p_neos-4763324-toguru,66,timeout,timeout,timeout,882,timeout,2977,https://plato.asu.edu/ftp/milp_tables/12threads.res,2026-09-27
p_neos-4954672-berkel,310,6119,timeout,4055,1161,timeout,timeout,https://plato.asu.edu/ftp/milp_tables/12threads.res,2026-09-27
p_neos-5049753-cuanza,timeout,7033,timeout,timeout,2606,timeout,timeout,https://plato.asu.edu/ftp/milp_tables/12threads.res,2026-09-27
p_neos-5052403-cygnet,24,timeout,timeout,timeout,27,timeout,timeout,https://plato.asu.edu/ftp/milp_tables/12threads.res,2026-09-27
p_neos-5093327-huahum,722,936,timeout,timeout,1528,6190,5857,https://plato.asu.edu/ftp/milp_tables/12threads.res,2026-09-27
p_neos-5104907-jarama,timeout,abort,timeout,timeout,timeout,timeout,timeout,https://plato.asu.edu/ftp/milp_tables/12threads.res,2026-09-27
p_neos-5107597-kakapo,69,timeout,timeout,timeout,261,timeout,786,https://plato.asu.edu/ftp/milp_tables/12threads.res,2026-09-27
p_neos-5114902-kasavu,timeout,abort,timeout,timeout,timeout,timeout,timeout,https://plato.asu.edu/ftp/milp_tables/12threads.res,2026-09-27
p_neos-5188808-nattai,122,275,6082,timeout,215,1419,1238,https://plato.asu.edu/ftp/milp_tables/12threads.res,2026-09-27
p_neos-5195221-niemur,112,1043,timeout,5910,624,909,1034,https://plato.asu.edu/ftp/milp_tables/12threads.res,2026-09-27
p_neos5,18,68,66,55,14,370,447,https://plato.asu.edu/ftp/milp_tables/12threads.res,2026-09-27
p_neos-631710,53,abort,timeout,timeout,32,timeout,timeout,https://plato.asu.edu/ftp/milp_tables/12threads.res,2026-09-27
p_neos-662469,60,882,1309,380,584,4578,1090,https://plato.asu.edu/ftp/milp_tables/12threads.res,2026-09-27
p_neos-787933,3,3,524,325,1,2,11,https://plato.asu.edu/ftp/milp_tables/12threads.res,2026-09-27
p_neos-827175,2,9,3,3,2,5,6,https://plato.asu.edu/ftp/milp_tables/12threads.res,2026-09-27
p_neos-848589,276,6837,2388,timeout,443,732,923,https://plato.asu.edu/ftp/milp_tables/12threads.res,2026-09-27
p_neos859080,1,1,3,2,1,1,1,https://plato.asu.edu/ftp/milp_tables/12threads.res,2026-09-27
p_neos-860300,3,11,13,13,13,21,12,https://plato.asu.edu/ftp/milp_tables/12threads.res,2026-09-27
p_neos-873061,997,1178,915,470,950,timeout,timeout,https://plato.asu.edu/ftp/milp_tables/12threads.res,2026-09-27
p_neos8,4,15,3,3,7,6,4,https://plato.asu.edu/ftp/milp_tables/12threads.res,2026-09-27
p_neos-911970,5,21,6,5,9,3,6,https://plato.asu.edu/ftp/milp_tables/12threads.res,2026-09-27
p_neos-933966,43,19,774,332,3,1236,940,https://plato.asu.edu/ftp/milp_tables/12threads.res,2026-09-27
p_neos-950242,6,66,10,11,214,157,45,https://plato.asu.edu/ftp/milp_tables/12threads.res,2026-09-27
p_neos-957323,8,26,138,136,4,141,59,https://plato.asu.edu/ftp/milp_tables/12threads.res,2026-09-27
p_neos-960392,12,29,14,15,33,450,145,https://plato.asu.edu/ftp/milp_tables/12threads.res,2026-09-27
p_net12,2,156,613,320,108,1895,6,https://plato.asu.edu/ftp/milp_tables/12threads.res,2026-09-27
p_netdiversion,119,632,1719,1718,279,406,698,https://plato.asu.edu/ftp/milp_tables/12threads.res,2026-09-27
p_nexp-150-20-8-5,53,189,214,180,2000,5406,1584,https://plato.asu.edu/ftp/milp_tables/12threads.res,2026-09-27
p_ns1116954,13,2870,2,2,6,timeout,timeout,https://plato.asu.edu/ftp/milp_tables/12threads.res,2026-09-27
p_ns1208400,5,21,51,41,6,837,77,https://plato.asu.edu/ftp/milp_tables/12threads.res,2026-09-27
p_ns1644855,10,1447,614,620,186,824,455,https://plato.asu.edu/ftp/milp_tables/12threads.res,2026-09-27
p_ns1760995,713,abort,timeout,timeout,262,timeout,2278,https://plato.asu.edu/ftp/milp_tables/12threads.res,2026-09-27
p_ns1830653,13,41,156,66,25,184,48,https://plato.asu.edu/ftp/milp_tables/12threads.res,2026-09-27
p_ns1952667,22,171,4950,4431,288,timeout,507,https://plato.asu.edu/ftp/milp_tables/12threads.res,2026-09-27
p_nu25-pr12,2,2,4,5,2,5,4,https://plato.asu.edu/ftp/milp_tables/12threads.res,2026-09-27
p_nursesched-medium-hint03,3757,timeout,timeout,timeout,timeout,timeout,timeout,https://plato.asu.edu/ftp/milp_tables/12threads.res,2026-09-27
p_nursesched-sprint02,5,23,16,16,6,75,27,https://plato.asu.edu/ftp/milp_tables/12threads.res,2026-09-27
p_nw04,4,41,39,37,10,39,53,https://plato.asu.edu/ftp/milp_tables/12threads.res,2026-09-27
p_opm2-z10-s4,timeout,timeout,timeout,timeout,timeout,timeout,timeout,https://plato.asu.edu/ftp/milp_tables/12threads.res,2026-09-27
p_p200x1188c,1,1,1,1,3,5,1,https://plato.asu.edu/ftp/milp_tables/12threads.res,2026-09-27
p_peg-solitaire-a3,34,60,timeout,timeout,286,timeout,43,https://plato.asu.edu/ftp/milp_tables/12threads.res,2026-09-27
p_pg5_34,7,72,233,429,60,1809,500,https://plato.asu.edu/ftp/milp_tables/12threads.res,2026-09-27
p_pg,4,5,5,5,15,24,14,https://plato.asu.edu/ftp/milp_tables/12threads.res,2026-09-27
p_physiciansched3-3,3886,timeout,timeout,timeout,timeout,timeout,timeout,https://plato.asu.edu/ftp/milp_tables/12threads.res,2026-09-27
p_physiciansched6-2,2,7,21,20,4,215,50,https://plato.asu.edu/ftp/milp_tables/12threads.res,2026-09-27
p_piperout-08,3,12,23,22,7,11,11,https://plato.asu.edu/ftp/milp_tables/12threads.res,2026-09-27
p_piperout-27,5,16,25,26,13,11,15,https://plato.asu.edu/ftp/milp_tables/12threads.res,2026-09-27
p_pk1,33,36,289,57,12,78,75,https://plato.asu.edu/ftp/milp_tables/12threads.res,2026-09-27
p_proteindesign121hz512p9,1922,timeout,timeout,timeout,timeout,timeout,timeout,https://plato.asu.edu/ftp/milp_tables/12threads.res,2026-09-27
p_proteindesign122trx11p8,583,timeout,timeout,timeout,2740,timeout,timeout,https://plato.asu.edu/ftp/milp_tables/12threads.res,2026-09-27
p_qap10,5,17,50,51,8,44,26,https://plato.asu.edu/ftp/milp_tables/12threads.res,2026-09-27
p_radiationm18-12-05,112,1202,816,856,55,timeout,2840,https://plato.asu.edu/ftp/milp_tables/12threads.res,2026-09-27
p_radiationm40-10-02,timeout,timeout,timeout,timeout,3526,timeout,timeout,https://plato.asu.edu/ftp/milp_tables/12threads.res,2026-09-27
p_rail01,421,1125,1315,1341,1143,2920,2435,https://plato.asu.edu/ftp/milp_tables/12threads.res,2026-09-27
p_rail02,294,timeout,4087,2901,1433,timeout,timeout,https://plato.asu.edu/ftp/milp_tables/12threads.res,2026-09-27
p_rail507,36,46,5908,703,31,134,149,https://plato.asu.edu/ftp/milp_tables/12threads.res,2026-09-27
p_ran14x18-disj-8,109,200,690,139,164,1203,883,https://plato.asu.edu/ftp/milp_tables/12threads.res,2026-09-27
p_rd-rplusc-21,58,timeout,timeout,1640,958,timeout,timeout,https://plato.asu.edu/ftp/milp_tables/12threads.res,2026-09-27
p_reblock115,699,812,1158,567,262,timeout,3185,https://plato.asu.edu/ftp/milp_tables/12threads.res,2026-09-27
p_rmatr100-p10,13,34,74,35,11,120,98,https://plato.asu.edu/ftp/milp_tables/12threads.res,2026-09-27
p_rmatr200-p5,2469,1093,timeout,5168,2916,timeout,timeout,https://plato.asu.edu/ftp/milp_tables/12threads.res,2026-09-27
p_rocI-4-11,100,12,1390,304,8,137,115,https://plato.asu.edu/ftp/milp_tables/12threads.res,2026-09-27
p_rocII-5-11,1197,326,timeout,1637,1133,3549,1933,https://plato.asu.edu/ftp/milp_tables/12threads.res,2026-09-27
p_rococoB10-011000,2720,1289,timeout,3698,1765,timeout,timeout,https://plato.asu.edu/ftp/milp_tables/12threads.res,2026-09-27
p_rococoC10-001000,53,110,270,147,216,1080,278,https://plato.asu.edu/ftp/milp_tables/12threads.res,2026-09-27
p_roi2alpha3n4,34,1081,770,386,91,518,574,https://plato.asu.edu/ftp/milp_tables/12threads.res,2026-09-27
p_roi5alpha10n8,1010,timeout,timeout,timeout,1958,timeout,timeout,https://plato.asu.edu/ftp/milp_tables/12threads.res,2026-09-27
p_roll3000,8,8,34,18,12,27,16,https://plato.asu.edu/ftp/milp_tables/12threads.res,2026-09-27
p_s100,timeout,timeout,timeout,timeout,timeout,timeout,timeout,https://plato.asu.edu/ftp/milp_tables/12threads.res,2026-09-27
p_s250r10,59,1057,318,289,208,3775,2432,https://plato.asu.edu/ftp/milp_tables/12threads.res,2026-09-27
p_satellites2-40,279,506,453,605,153,timeout,timeout,https://plato.asu.edu/ftp/milp_tables/12threads.res,2026-09-27
p_satellites2-60-fs,42,499,408,312,67,timeout,timeout,https://plato.asu.edu/ftp/milp_tables/12threads.res,2026-09-27
p_savsched1,198,abort,5706,5655,504,timeout,timeout,https://plato.asu.edu/ftp/milp_tables/12threads.res,2026-09-27
p_sct2,462,timeout,337,2137,21,timeout,timeout,https://plato.asu.edu/ftp/milp_tables/12threads.res,2026-09-27
p_seymour1,9,47,79,48,32,54,47,https://plato.asu.edu/ftp/milp_tables/12threads.res,2026-09-27
p_seymour,1557,3224,timeout,timeout,timeout,timeout,timeout,https://plato.asu.edu/ftp/milp_tables/12threads.res,2026-09-27
p_sing326,922,timeout,timeout,timeout,timeout,timeout,timeout,https://plato.asu.edu/ftp/milp_tables/12threads.res,2026-09-27
p_sing44,583,abort,timeout,4896,6557,timeout,timeout,https://plato.asu.edu/ftp/milp_tables/12threads.res,2026-09-27
p_snp-02-004-104,5802,timeout,1078,584,812,timeout,timeout,https://plato.asu.edu/ftp/milp_tables/12threads.res,2026-09-27
p_sorrell3,2339,3132,timeout,timeout,2795,timeout,timeout,https://plato.asu.edu/ftp/milp_tables/12threads.res,2026-09-27
p_sp150x300d,1,1,1,1,1,1,1,https://plato.asu.edu/ftp/milp_tables/12threads.res,2026-09-27
p_sp97ar,269,1067,timeout,2060,625,timeout,5724,https://plato.asu.edu/ftp/milp_tables/12threads.res,2026-09-27
p_sp98ar,128,511,3370,843,495,5535,3289,https://plato.asu.edu/ftp/milp_tables/12threads.res,2026-09-27
p_splice1k1,84,timeout,timeout,timeout,43,2105,125,https://plato.asu.edu/ftp/milp_tables/12threads.res,2026-09-27
p_square41,2184,4595,timeout,timeout,1958,timeout,timeout,https://plato.asu.edu/ftp/milp_tables/12threads.res,2026-09-27
p_square47,timeout,timeout,timeout,timeout,timeout,timeout,timeout,https://plato.asu.edu/ftp/milp_tables/12threads.res,2026-09-27
p_supportcase10,4392,abort,timeout,5080,timeout,timeout,timeout,https://plato.asu.edu/ftp/milp_tables/12threads.res,2026-09-27
p_supportcase12,timeout,timeout,timeout,timeout,abort,timeout,timeout,https://plato.asu.edu/ftp/milp_tables/12threads.res,2026-09-27
p_supportcase18,4,1225,6564,1953,1,6752,1141,https://plato.asu.edu/ftp/milp_tables/12threads.res,2026-09-27
p_supportcase19,39,abort,timeout,timeout,76,timeout,timeout,https://plato.asu.edu/ftp/milp_tables/12threads.res,2026-09-27
p_supportcase22,timeout,abort,timeout,timeout,timeout,timeout,timeout,https://plato.asu.edu/ftp/milp_tables/12threads.res,2026-09-27
p_supportcase26,2063,184,823,293,253,4388,1422,https://plato.asu.edu/ftp/milp_tables/12threads.res,2026-09-27
p_supportcase33,20,65,175,100,23,261,62,https://plato.asu.edu/ftp/milp_tables/12threads.res,2026-09-27
p_supportcase40,233,122,1642,500,614,1007,728,https://plato.asu.edu/ftp/milp_tables/12threads.res,2026-09-27
p_supportcase42,122,timeout,timeout,timeout,1026,979,769,https://plato.asu.edu/ftp/milp_tables/12threads.res,2026-09-27
p_supportcase6,33,timeout,timeout,timeout,817,timeout,327,https://plato.asu.edu/ftp/milp_tables/12threads.res,2026-09-27
p_supportcase7,65,52,89,94,23,162,121,https://plato.asu.edu/ftp/milp_tables/12threads.res,2026-09-27
p_swath1,8,9,13,15,7,12,8,https://plato.asu.edu/ftp/milp_tables/12threads.res,2026-09-27
p_swath3,28,113,151,89,49,94,110,https://plato.asu.edu/ftp/milp_tables/12threads.res,2026-09-27
p_tbfp-network,112,254,1449,370,437,779,375,https://plato.asu.edu/ftp/milp_tables/12threads.res,2026-09-27
p_thor50dday,166,timeout,timeout,timeout,timeout,timeout,timeout,https://plato.asu.edu/ftp/milp_tables/12threads.res,2026-09-27
p_timtab1,42,33,46,20,11,60,49,https://plato.asu.edu/ftp/milp_tables/12threads.res,2026-09-27
p_tr12-30,125,202,184,85,80,348,364,https://plato.asu.edu/ftp/milp_tables/12threads.res,2026-09-27
p_traininstance2,253,3820,timeout,5951,639,timeout,timeout,https://plato.asu.edu/ftp/milp_tables/12threads.res,2026-09-27
p_traininstance6,2,143,254,201,33,2900,722,https://plato.asu.edu/ftp/milp_tables/12threads.res,2026-09-27
p_trento1,211,217,6769,1484,1462,6731,863,https://plato.asu.edu/ftp/milp_tables/12threads.res,2026-09-27
p_triptim1,9,62,79,79,34,500,112,https://plato.asu.edu/ftp/milp_tables/12threads.res,2026-09-27
p_uccase12,61,timeout,526,503,1073,timeout,timeout,https://plato.asu.edu/ftp/milp_tables/12threads.res,2026-09-27
p_uccase9,timeout,timeout,5857,4207,timeout,timeout,timeout,https://plato.asu.edu/ftp/milp_tables/12threads.res,2026-09-27
p_uct-subprob,130,323,2357,451,167,783,1254,https://plato.asu.edu/ftp/milp_tables/12threads.res,2026-09-27
p_unitcal_7,32,89,56,48,71,421,234,https://plato.asu.edu/ftp/milp_tables/12threads.res,2026-09-27
p_var-smallemery-m6j6,247,1940,timeout,3394,903,4565,timeout,https://plato.asu.edu/ftp/milp_tables/12threads.res,2026-09-27
p_wachplan,72,413,193,168,57,1820,1191,https://plato.asu.edu/ftp/milp_tables/12threads.res,2026-09-27
solved/stopped/failed,219/21/0,174/50/16,158/82/0,179/59/2,210/26/4,136/104/0,153/86/1,https://plato.asu.edu/ftp/milp_tables/12threads.res,2026-09-27
timelimit [sec],7200,7200,7200,7200,7200,7200,7200,https://plato.asu.edu/ftp/milp_tables/12threads.res,2026-09-27
