instance,solver,status,objective,runtime_ms,verified
afiro,markov-cero,Optimal,-464.75314285714285,2.2,True
afiro,HiGHS,Optimal,-464.75314285714285,0.8,True
afiro,CBC,Optimal,-464.75314432000005,3.4,True
afiro,SCIP,Optimal,-464.75314285714273,1.0,True
adlittle,markov-cero,Optimal,225494.9631623804,16.4,True
adlittle,HiGHS,Optimal,225494.9631623803,1.5,True
adlittle,CBC,Optimal,225494.9670933959,8.9,True
adlittle,SCIP,Optimal,225494.9631623802,2.7,True
sc50a,markov-cero,Optimal,-64.57507705856453,4.5,True
sc50a,HiGHS,Optimal,-64.5750770585645,0.6,True
sc50a,CBC,Optimal,-64.575077,4.2,True
sc50a,SCIP,Optimal,-64.5750770585645,0.8,True
blend,markov-cero,Optimal,-30.812149845828234,25.2,True
blend,HiGHS,Optimal,-30.812149845828237,1.5,True
blend,CBC,Optimal,-30.81214985,5.4,True
blend,SCIP,Optimal,-30.812149845828205,2.5,True
lotfi,markov-cero,Optimal,-25.26470606188001,84.7,True
lotfi,HiGHS,Optimal,-25.264706061880002,2.3,True
lotfi,CBC,Optimal,-25.264706599999997,9.8,True
lotfi,SCIP,Optimal,-25.26470606188002,4.2,True
kb2,markov-cero,Optimal,-1749.9001299062056,5.9,True
kb2,HiGHS,Optimal,-1749.9001299062056,0.8,True
kb2,CBC,Optimal,-1749.9001314958,5.1,True
kb2,SCIP,Optimal,-1749.9001299062058,1.2,True
scorpion,markov-cero,Optimal,1878.124822738107,567.2,True
scorpion,HiGHS,Optimal,1878.1248227381068,2.7,True
scorpion,CBC,Optimal,1878.1248375403138,16.0,True
scorpion,SCIP,Optimal,1878.1248227381068,4.4,True
share2b,markov-cero,Optimal,-415.7322407414181,17.8,True
share2b,HiGHS,Optimal,-415.73224074141945,1.7,True
share2b,CBC,Optimal,-415.7322447461228,9.0,True
share2b,SCIP,Optimal,-415.7322407414159,3.3,True
beaconfd,markov-cero,Optimal,33592.485807200006,17.5,True
beaconfd,HiGHS,Optimal,33592.4858072,3.5,True
beaconfd,CBC,Optimal,33592.48580719999,18.8,True
beaconfd,SCIP,Optimal,33592.485807200006,3.1,True
recipe,markov-cero,Optimal,-266.616,13.0,True
recipe,HiGHS,Optimal,-266.61600000000027,1.3,True
recipe,CBC,Optimal,-266.61600000000027,7.3,True
recipe,SCIP,Optimal,-266.61599999999993,4.2,True
stein9,markov-cero,Optimal,5,26.8,True
stein9,HiGHS,Optimal,5.0,11.4,True
stein9,CBC,Optimal,5.0,7.8,True
stein9,SCIP,Optimal,4.999999999999998,8.8,True
stein15,markov-cero,Optimal,9,1112.5,True
stein15,HiGHS,Optimal,9.0,25.2,True
stein15,CBC,Optimal,9.0,130.3,True
stein15,SCIP,Optimal,8.999999999999993,23.5,True
flugpl,markov-cero,Optimal,1201500,2639.3,True
flugpl,HiGHS,Optimal,1201500.0,73.3,True
flugpl,CBC,Optimal,1201500.0,27.1,True
flugpl,SCIP,Optimal,1201500.0,10.5,True
pk1,markov-cero,TimeLimit,,15030.3,False
pk1,HiGHS,Feasible,13.999999999999915,15002.7,False
pk1,CBC,Feasible,11.0,15011.6,False
pk1,SCIP,Feasible,15.999999999999986,15000.4,False
swath1,markov-cero,NumericalFailure,,30.3,False
swath1,HiGHS,Optimal,379.0712957499999,12096.8,True
swath1,CBC,Feasible,379.0713,15225.9,False
swath1,SCIP,Optimal,379.07129575,12490.2,True
markshare_5_0,markov-cero,TimeLimit,,15016.2,False
markshare_5_0,HiGHS,Feasible,18.00000000000021,15002.0,False
markshare_5_0,CBC,Feasible,3.0,15011.5,False
markshare_5_0,SCIP,Feasible,8.0,15000.5,False
bienst1,markov-cero,TimeLimit,,20346.1,False
bienst1,HiGHS,Feasible,46.75,15002.4,False
bienst1,CBC,Feasible,46.75,15039.0,False
bienst1,SCIP,Feasible,46.75,15000.8,False
neos5,markov-cero,TimeLimit,,16341.4,False
neos5,HiGHS,Feasible,14.999999999997197,15002.1,False
neos5,CBC,Feasible,15.0,15039.9,False
neos5,SCIP,Feasible,15.0,15000.6,False
ran14x18_1,markov-cero,TimeLimit,,15070.7,False
ran14x18_1,HiGHS,Feasible,3747.9999999999995,15002.9,False
ran14x18_1,CBC,Feasible,3964.0,15036.3,False
ran14x18_1,SCIP,Feasible,3844.0,15002.4,False
QPLIB_0001,markov-cero,Optimal,-3.499999999997684,2.0,True
QPLIB_0001,HiGHS,Optimal,-3.499999999999996,0.1,True
QPLIB_0001,CBC,Unsupported,,0.0,False
QPLIB_0001,SCIP,Optimal,-3.500000838099719,11.1,True
QPLIB_0002,markov-cero,Optimal,-2.1071484636495885,1.8,True
QPLIB_0002,HiGHS,Optimal,-2.107142857142854,0.5,True
QPLIB_0002,CBC,Unsupported,,0.0,False
QPLIB_0002,SCIP,Optimal,-2.107143297791482,42.0,True
QPLIB_0010,markov-cero,Optimal,-0.10334183914528287,1.9,True
QPLIB_0010,HiGHS,Optimal,-0.1033417085427108,0.4,True
QPLIB_0010,CBC,Unsupported,,0.0,False
QPLIB_0010,SCIP,Optimal,-0.10334222158000905,31.2,True
QPLIB_0025,markov-cero,Optimal,2681.001805706975,2.3,True
QPLIB_0025,HiGHS,Optimal,2681.0,0.7,True
QPLIB_0025,CBC,Unsupported,,0.0,False
QPLIB_0025,SCIP,Optimal,2680.99999774905,4.4,True
