suite,instance,mc_status,mc_verified,mc_objective,mc_time_ms,mc_engine,hi_status,hi_objective,hi_time_ms,ratio_mc_over_hi,pass
netlib,adlittle,Optimal,True,225494.9631623804,30.1,auto,HighsModelStatus.kOptimal,225494.9631623803,3.1,9.71,True
netlib,afiro,Optimal,True,-464.75314285714285,6.5,auto,HighsModelStatus.kOptimal,-464.75314285714285,0.6,10.83,True
netlib,beaconfd,Optimal,True,33592.485807200006,21.2,auto,HighsModelStatus.kOptimal,33592.4858072,3.4,6.24,True
netlib,blend,Optimal,True,-30.812149845828234,29.8,auto,HighsModelStatus.kOptimal,-30.812149845828237,1.5,19.87,True
netlib,kb2,Optimal,True,-1749.9001299062056,9.3,auto,HighsModelStatus.kOptimal,-1749.9001299062056,0.8,11.62,True
netlib,lotfi,Optimal,True,-25.26470606188001,87.1,auto,HighsModelStatus.kOptimal,-25.264706061880002,2.2,39.59,True
netlib,recipe,Optimal,True,-266.616,18.8,auto,HighsModelStatus.kOptimal,-266.61600000000027,1.3,14.46,True
netlib,sc105,Optimal,True,-52.20206121170726,10.6,auto,HighsModelStatus.kOptimal,-52.20206121170723,1.0,10.6,True
netlib,sc205,Optimal,True,-52.20206121170727,33.3,auto,HighsModelStatus.kOptimal,-52.20206121170721,1.8,18.5,True
netlib,sc50a,Optimal,True,-64.57507705856453,5.4,auto,HighsModelStatus.kOptimal,-64.5750770585645,1.0,5.4,True
netlib,sc50b,Optimal,True,-70.00000000000001,4.3,auto,HighsModelStatus.kOptimal,-69.99999999999999,0.6,7.17,True
netlib,scagr7,Optimal,True,-2331389.8243309837,24.4,auto,HighsModelStatus.kOptimal,-2331389.824330984,1.8,13.56,True
netlib,scorpion,Optimal,True,1878.124822738107,532.2,auto,HighsModelStatus.kOptimal,1878.1248227381068,2.9,183.52,True
netlib,scsd1,Optimal,True,8.666680097560823,146.9,auto,HighsModelStatus.kOptimal,8.666666674333364,3.3,44.52,True
netlib,scsd6,Optimal,True,50.50013320878034,555.8,auto,HighsModelStatus.kOptimal,50.5000000782623,7.7,72.18,True
netlib,share1b,Optimal,True,-76589.31857918539,76.0,auto,HighsModelStatus.kOptimal,-76589.31857918572,2.8,27.14,True
netlib,share2b,Optimal,True,-415.7322407414181,18.6,auto,HighsModelStatus.kOptimal,-415.73224074141945,1.7,10.94,True
