solver,instance,status,objective,obj_error_vs_best,time_ms,ratio_vs_highs,ratio_vs_gurobi,pass
markov-cero,QPLIB_0001,Optimal,-3.499999999997684,0.0,2.0,20.0,,True
HiGHS,QPLIB_0001,Optimal,-3.499999999999996,6.605509789941225e-13,0.1,1.0,,True
CBC,QPLIB_0001,Unsupported,,,0.0,,,False
SCIP,QPLIB_0001,Optimal,-3.500000838099719,2.394576669126127e-07,11.1,110.99999999999999,,True
markov-cero,QPLIB_0002,Optimal,-2.1071484636495885,0.0,1.8,3.6,,True
HiGHS,QPLIB_0002,Optimal,-2.107142857142854,2.660707981018596e-06,0.5,1.0,,True
CBC,QPLIB_0002,Unsupported,,,0.0,,,False
SCIP,QPLIB_0002,Optimal,-2.107143297791482,2.4515871547407144e-06,42.0,84.0,,True
markov-cero,QPLIB_0010,Optimal,-0.10334183914528287,0.0,1.9,4.749999999999999,,True
HiGHS,QPLIB_0010,Optimal,-0.1033417085427108,1.3060257207653247e-07,0.4,1.0,,True
CBC,QPLIB_0010,Unsupported,,,0.0,,,False
SCIP,QPLIB_0010,Optimal,-0.10334222158000905,3.8243472617882635e-07,31.2,78.0,,True
markov-cero,QPLIB_0025,Optimal,2681.001805706975,0.0,2.3,3.2857142857142856,,True
HiGHS,QPLIB_0025,Optimal,2681.0,6.735194923314237e-07,0.7,1.0,,True
CBC,QPLIB_0025,Unsupported,,,0.0,,,False
SCIP,QPLIB_0025,Optimal,2680.99999774905,6.743590851338736e-07,4.4,6.2857142857142865,,True
