suite,instance,mps_sha,mc_status,mc_objective,mc_time_ms,mc_verified,mc_engine,hi_status,hi_objective,hi_time_ms,ratio_mc_over_hi,objective_agreement,pass
netlib,afiro,04992b87e57e57c1,Optimal,-464.75314285714285,2.904229004343506,True,auto,Optimal,-464.75314285714285,1.402156995027326,2.0712580792615927,0.0,True
netlib,blend,38e1d84a38f1e0ad,Optimal,-30.81187858944018,16.762996994657442,True,pdlp,Optimal,-30.812149845828237,1.7878310027299449,9.376164172710412,8.803552800255702e-06,True
netlib,sc50a,36bfce2f41955571,Optimal,-64.57507705856452,3.7145930036786012,True,auto,Optimal,-64.5750770585645,1.119346998166293,3.31853572642248,2.2006717393947326e-16,True
netlib,sc50b,bfc47ffcf8f03755,Optimal,-70.00000000000001,3.082388997427188,True,auto,Optimal,-69.99999999999999,0.947909000387881,3.251777329011419,4.0602442043434305e-16,True
netlib,adlittle,db211f7bf735518a,Optimal,225494.96316238042,13.779763998172712,True,auto,Optimal,225494.9631623803,1.7259329979424365,7.9839507180175575,5.162657302598082e-16,True
netlib,share2b,2816c0a71096acc0,Optimal,-415.7322407414178,18.434028002957348,True,auto,Optimal,-415.73224074141945,1.8533649999881163,9.946248042385362,3.965194385750694e-15,True
netlib,recipe,277b34645cc89526,Optimal,-266.616,12.52374400064582,True,auto,Optimal,-266.61600000000027,1.4544740042765625,8.610496965791407,1.0660166468030417e-15,True
netlib,sc105,062d034400be9567,Optimal,-52.20206121170725,8.963738000602461,True,auto,Optimal,-52.20206121170723,1.1483889975352213,7.805489272225061,4.083417699993512e-16,True
netlib,sc205,bcecc8d8cafd08c6,Optimal,-52.202061211707274,61.36282399529591,True,auto,Optimal,-52.20206121170721,2.050382005108986,29.927508065519834,1.225025309998054e-15,True
netlib,kb2,f0eb647d1d9aac84,IterationLimit,0,300000.0,False,pdlp,Optimal,-1749.9001299062056,0.9409109989064746,318839.9331590975,nan,False
netlib,lotfi,fcb90a1b5e02b2ea,IterationLimit,0,300000.0,False,pdlp,Optimal,-25.264706061880002,3.5440799983916804,84648.20211060172,nan,False
netlib,beaconfd,7138e7b58b1d6160,IterationLimit,0,300000.0,False,pdlp,Optimal,33592.4858072,3.5983199995826,83372.24038851453,nan,False
netlib,scsd1,8c4aac4987a81ef6,Optimal,8.66707144581984,26.480217995413113,True,pdlp,Optimal,8.666666674333364,3.871040004014503,6.840595283942176,4.670440224438913e-05,True
netlib,scsd6,f3da742cfa24cfad,Optimal,50.503434182250594,213.76977000181796,True,pdlp,Optimal,50.5000000782623,9.491314005572349,22.52267387595793,6.800205906868044e-05,True
netlib,share1b,fafdf8b5e3d50d27,Optimal,-76589.3185791855,115.64189600176178,True,auto,Optimal,-76589.31857918572,4.432488000020385,26.089612876838007,2.8499891691793067e-15,True
netlib,scorpion,39b61cae042ce4ad,Optimal,1878.1248227381068,627.5796439949772,True,auto,Optimal,1878.1248227381068,5.056863999925554,124.10451299544863,0.0,True
netlib,scagr7,2170c16fd0cc04a8,Optimal,-2331389.824330985,20.32384799531428,True,auto,Optimal,-2331389.824330984,2.1930520015303046,9.267380792216676,3.994709785965249e-16,True
